Workbook

Sheet 工数管理
A1: assetID | B1: task | C1: assign | D1: 工数 | E1: 使用 | F1: 残 | G1: 消化率 | H1: status | I1: day | J1: FIX | K1: 1 | M1: 2 | O1: 3 | Q1: 4 | S1: 5 | U1: 6 | W1: 7 | Y1: 8 | AA1: 9 | AC1: 10 | AE1: 11 | AG1: 12 | AI1: =TODAY() -> 46302
K2: 開始 | L2: 中断 | M2: 開始 | N2: 中断 | O2: 開始 | P2: 中断 | Q2: 開始 | R2: 中断 | S2: 開始 | T2: 中断 | U2: 開始 | V2: 中断 | W2: 開始 | X2: 中断 | Y2: 開始 | Z2: 中断 | AA2: 開始 | AB2: 中断 | AC2: 開始 | AD2: 中断 | AE2: 開始 | AF2: 中断 | AG2: 開始 | AH2: 中断
A3: CH01 | B3: =IF($A3="","",COUNTIFS($AK$3:$AK$98,$A3,$AL$3:$AL$98,"作業中")) -> 1 | D3: =IF($A3="","",SUMIFS($AM$3:$AM$98,$AK$3:$AK$98,$A3)) -> 120 | E3: =IF($A3="","",SUMIFS($AN$3:$AN$98,$AK$3:$AK$98,$A3)) -> 68 | F3: =IF($A3="","",SUMIFS($AO$3:$AO$98,$AK$3:$AK$98,$A3,$AL$3:$AL$98,"<>FIX")) -> 52 | G3: =IF($A3="","",IFERROR(AVERAGEIFS($BO$3:$BO$98,$AK$3:$AK$98,$A3,$AL$3:$AL$98,"FIX"),"")) -> 1 | H3: =IF($A3="","",IF(COUNTIFS($AK$3:$AK$98,$A3,$AL$3:$AL$98,"作業中")>0,IF(SUMIFS($AO$3:$AO$98,$AK$3:$AK$98,$A3,$AL$3:$AL$98,"作業中")<=0,"工数超過","作業中"),IF(COUNTIFS($AK$3:$AK$98,$A3,$AL$3:$AL$98,"中断")>0,"作業待ち",IF(COUNTIFS($AK$3:$AK$98,$A3,$AL$3:$AL$98,"未着手")>0,"着手待ち","空き")))) -> 作業中 | I3: =IF($A3="","",祝日!J4) -> 17 | AJ3: =IF($A3="","-",$A3) -> CH01 | BP3: =ROW() -> 3
B4: =IF($A4="","","total") | D4: =IF($A4="","",SUM(D5:D7)) | E4: =IF($A4="","",SUM(E5:E7)) | F4: =IF($A4="","",D4-E4) | G4: =IF($A4="","",IFERROR(AVERAGEIFS(G5:G7,H5:H7,"<>未着手",H5:H7,"<>作業中"),""))
A5: =IF($A4="","",$A4) | B5: =IF($A4="","","low") | E5: =IF(AND($D5="",COUNT($K5:$AH5)=0),"",IF(K5="",0,MAX(0,NETWORKDAYS(K5,IF(L5<>"",L5,IF($J5<>"",K5,$AI$1)),祝日!$A$2:$A$200)))+IF(M5="",0,MAX(0,NETWORKDAYS(M5,IF(N5<>"",N5,IF($J5<>"",M5,$AI$1)),祝日!$A$2:$A$200)))+IF(O5="",0,MAX(0,NETWORKDAYS(O5,IF(P5<>"",P5,IF($J5<>"",O5,$AI$1)),祝日!$A$2:$A$200)))+IF(Q5="",0,MAX(0,NETWORKDAYS(Q5,IF(R5<>"",R5,IF($J5<>"",Q5,$AI$1)),祝日!$A$2:$A$200)))+IF(S5="",0,MAX(0,NETWORKDAYS(S5,IF(T5<>"",T5,IF($J5<>"",S5,$AI$1)),祝日!$A$2:$A$200)))+IF(U5="",0,MAX(0,NETWORKDAYS(U5,IF(V5<>"",V5,IF($J5<>"",U5,$AI$1)),祝日!$A$2:$A$200)))+IF(W5="",0,MAX(0,NETWORKDAYS(W5,IF(X5<>"",X5,IF($J5<>"",W5,$AI$1)),祝日!$A$2:$A$200)))+IF(Y5="",0,MAX(0,NETWORKDAYS(Y5,IF(Z5<>"",Z5,IF($J5<>"",Y5,$AI$1)),祝日!$A$2:$A$200)))+IF(AA5="",0,MAX(0,NETWORKDAYS(AA5,IF(AB5<>"",AB5,IF($J5<>"",AA5,$AI$1)),祝日!$A$2:$A$200)))+IF(AC5="",0,MAX(0,NETWORKDAYS(AC5,IF(AD5<>"",AD5,IF($J5<>"",AC5,$AI$1)),祝日!$A$2:$A$200)))+IF(AE5="",0,MAX(0,NETWORKDAYS(AE5,IF(AF5<>"",AF5,IF($J5<>"",AE5,$AI$1)),祝日!$A$2:$A$200)))+IF(AG5="",0,MAX(0,NETWORKDAYS(AG5,IF(AH5<>"",AH5,IF($J5<>"",AG5,$AI$1)),祝日!$A$2:$A$200)))) | F5: =IF($D5="","",$D5-$E5) | G5: =IF(OR($D5="",$D5=0),"",$E5/$D5) | H5: =IF($D5="","",IF($J5<>"","FIX",IF(AND(SUMPRODUCT((MOD(COLUMN($K5:$AH5)-COLUMN($K5),2)=0)*($K5:$AH5<>""))=0,SUMPRODUCT((MOD(COLUMN($K5:$AH5)-COLUMN($K5),2)=1)*($K5:$AH5<>""))=0),"未着手",IF(SUMPRODUCT((MOD(COLUMN($K5:$AH5)-COLUMN($K5),2)=0)*($K5:$AH5<>""))>SUMPRODUCT((MOD(COLUMN($K5:$AH5)-COLUMN($K5),2)=1)*($K5:$AH5<>"")),"作業中","中断")))) | I5: =IF($H5="中断",MAX(0,$AI$1-MAX(L5,N5,P5,R5,T5,V5,X5,Z5,AB5,AD5,AF5,AH5)),"") | AK5: =IF($A4="","",IF(LOOKUP(2,1/($AJ$3:$AJ5<>""),$AJ$3:$AJ5)="-","",LOOKUP(2,1/($AJ$3:$AJ5<>""),$AJ$3:$AJ5))) | AL5: =$H5 | AM5: =IF(ISNUMBER($D5),$D5,0) -> 0 | AN5: =IF(ISNUMBER($E5),$E5,0) -> 0 | AO5: =IF(ISNUMBER($F5),$F5,0) -> 0 | AQ5: =IF(OR($AK5="",K5="",L5=""),0,COUNTIFS($AK$3:$AK$98,$AK5,K$3:K$98,"<"&L5,L$3:L$98,">"&K5)+COUNTIFS($AK$3:$AK$98,$AK5,M$3:M$98,"<"&L5,N$3:N$98,">"&K5)+COUNTIFS($AK$3:$AK$98,$AK5,O$3:O$98,"<"&L5,P$3:P$98,">"&K5)+COUNTIFS($AK$3:$AK$98,$AK5,Q$3:Q$98,"<"&L5,R$3:R$98,">"&K5)+COUNTIFS($AK$3:$AK$98,$AK5,S$3:S$98,"<"&L5,T$3:T$98,">"&K5)+COUNTIFS($AK$3:$AK$98,$AK5,U$3:U$98,"<"&L5,V$3:V$98,">"&K5)+COUNTIFS($AK$3:$AK$98,$AK5,W$3:W$98,"<"&L5,X$3:X$98,">"&K5)+COUNTIFS($AK$3:$AK$98,$AK5,Y$3:Y$98,"<"&L5,Z$3:Z$98,">"&K5)+COUNTIFS($AK$3:$AK$98,$AK5,AA$3:AA$98,"<"&L5,AB$3:AB$98,">"&K5)+COUNTIFS($AK$3:$AK$98,$AK5,AC$3:AC$98,"<"&L5,AD$3:AD$98,">"&K5)+COUNTIFS($AK$3:$AK$98,$AK5,AE$3:AE$98,"<"&L5,AF$3:AF$98,">"&K5)+COUNTIFS($AK$3:$AK$98,$AK5,AG$3:AG$98,"<"&L5,AH$3:AH$98,">"&K5)-(K5<L5)) -> 0 | AR5: =AQ5 -> 0 | AS5: =IF(OR($AK5="",M5="",N5=""),0,COUNTIFS($AK$3:$AK$98,$AK5,K$3:K$98,"<"&N5,L$3:L$98,">"&M5)+COUNTIFS($AK$3:$AK$98,$AK5,M$3:M$98,"<"&N5,N$3:N$98,">"&M5)+COUNTIFS($AK$3:$AK$98,$AK5,O$3:O$98,"<"&N5,P$3:P$98,">"&M5)+COUNTIFS($AK$3:$AK$98,$AK5,Q$3:Q$98,"<"&N5,R$3:R$98,">"&M5)+COUNTIFS($AK$3:$AK$98,$AK5,S$3:S$98,"<"&N5,T$3:T$98,">"&M5)+COUNTIFS($AK$3:$AK$98,$AK5,U$3:U$98,"<"&N5,V$3:V$98,">"&M5)+COUNTIFS($AK$3:$AK$98,$AK5,W$3:W$98,"<"&N5,X$3:X$98,">"&M5)+COUNTIFS($AK$3:$AK$98,$AK5,Y$3:Y$98,"<"&N5,Z$3:Z$98,">"&M5)+COUNTIFS($AK$3:$AK$98,$AK5,AA$3:AA$98,"<"&N5,AB$3:AB$98,">"&M5)+COUNTIFS($AK$3:$AK$98,$AK5,AC$3:AC$98,"<"&N5,AD$3:AD$98,">"&M5)+COUNTIFS($AK$3:$AK$98,$AK5,AE$3:AE$98,"<"&N5,AF$3:AF$98,">"&M5)+COUNTIFS($AK$3:$AK$98,$AK5,AG$3:AG$98,"<"&N5,AH$3:AH$98,">"&M5)-(M5<N5)) -> 0 | AT5: =AS5 -> 0 | AU5: =IF(OR($AK5="",O5="",P5=""),0,COUNTIFS($AK$3:$AK$98,$AK5,K$3:K$98,"<"&P5,L$3:L$98,">"&O5)+COUNTIFS($AK$3:$AK$98,$AK5,M$3:M$98,"<"&P5,N$3:N$98,">"&O5)+COUNTIFS($AK$3:$AK$98,$AK5,O$3:O$98,"<"&P5,P$3:P$98,">"&O5)+COUNTIFS($AK$3:$AK$98,$AK5,Q$3:Q$98,"<"&P5,R$3:R$98,">"&O5)+COUNTIFS($AK$3:$AK$98,$AK5,S$3:S$98,"<"&P5,T$3:T$98,">"&O5)+COUNTIFS($AK$3:$AK$98,$AK5,U$3:U$98,"<"&P5,V$3:V$98,">"&O5)+COUNTIFS($AK$3:$AK$98,$AK5,W$3:W$98,"<"&P5,X$3:X$98,">"&O5)+COUNTIFS($AK$3:$AK$98,$AK5,Y$3:Y$98,"<"&P5,Z$3:Z$98,">"&O5)+COUNTIFS($AK$3:$AK$98,$AK5,AA$3:AA$98,"<"&P5,AB$3:AB$98,">"&O5)+COUNTIFS($AK$3:$AK$98,$AK5,AC$3:AC$98,"<"&P5,AD$3:AD$98,">"&O5)+COUNTIFS($AK$3:$AK$98,$AK5,AE$3:AE$98,"<"&P5,AF$3:AF$98,">"&O5)+COUNTIFS($AK$3:$AK$98,$AK5,AG$3:AG$98,"<"&P5,AH$3:AH$98,">"&O5)-(O5<P5)) -> 0 | AV5: =AU5 -> 0 | AW5: =IF(OR($AK5="",Q5="",R5=""),0,COUNTIFS($AK$3:$AK$98,$AK5,K$3:K$98,"<"&R5,L$3:L$98,">"&Q5)+COUNTIFS($AK$3:$AK$98,$AK5,M$3:M$98,"<"&R5,N$3:N$98,">"&Q5)+COUNTIFS($AK$3:$AK$98,$AK5,O$3:O$98,"<"&R5,P$3:P$98,">"&Q5)+COUNTIFS($AK$3:$AK$98,$AK5,Q$3:Q$98,"<"&R5,R$3:R$98,">"&Q5)+COUNTIFS($AK$3:$AK$98,$AK5,S$3:S$98,"<"&R5,T$3:T$98,">"&Q5)+COUNTIFS($AK$3:$AK$98,$AK5,U$3:U$98,"<"&R5,V$3:V$98,">"&Q5)+COUNTIFS($AK$3:$AK$98,$AK5,W$3:W$98,"<"&R5,X$3:X$98,">"&Q5)+COUNTIFS($AK$3:$AK$98,$AK5,Y$3:Y$98,"<"&R5,Z$3:Z$98,">"&Q5)+COUNTIFS($AK$3:$AK$98,$AK5,AA$3:AA$98,"<"&R5,AB$3:AB$98,">"&Q5)+COUNTIFS($AK$3:$AK$98,$AK5,AC$3:AC$98,"<"&R5,AD$3:AD$98,">"&Q5)+COUNTIFS($AK$3:$AK$98,$AK5,AE$3:AE$98,"<"&R5,AF$3:AF$98,">"&Q5)+COUNTIFS($AK$3:$AK$98,$AK5,AG$3:AG$98,"<"&R5,AH$3:AH$98,">"&Q5)-(Q5<R5)) -> 0 | AX5: =AW5 -> 0 | AY5: =IF(OR($AK5="",S5="",T5=""),0,COUNTIFS($AK$3:$AK$98,$AK5,K$3:K$98,"<"&T5,L$3:L$98,">"&S5)+COUNTIFS($AK$3:$AK$98,$AK5,M$3:M$98,"<"&T5,N$3:N$98,">"&S5)+COUNTIFS($AK$3:$AK$98,$AK5,O$3:O$98,"<"&T5,P$3:P$98,">"&S5)+COUNTIFS($AK$3:$AK$98,$AK5,Q$3:Q$98,"<"&T5,R$3:R$98,">"&S5)+COUNTIFS($AK$3:$AK$98,$AK5,S$3:S$98,"<"&T5,T$3:T$98,">"&S5)+COUNTIFS($AK$3:$AK$98,$AK5,U$3:U$98,"<"&T5,V$3:V$98,">"&S5)+COUNTIFS($AK$3:$AK$98,$AK5,W$3:W$98,"<"&T5,X$3:X$98,">"&S5)+COUNTIFS($AK$3:$AK$98,$AK5,Y$3:Y$98,"<"&T5,Z$3:Z$98,">"&S5)+COUNTIFS($AK$3:$AK$98,$AK5,AA$3:AA$98,"<"&T5,AB$3:AB$98,">"&S5)+COUNTIFS($AK$3:$AK$98,$AK5,AC$3:AC$98,"<"&T5,AD$3:AD$98,">"&S5)+COUNTIFS($AK$3:$AK$98,$AK5,AE$3:AE$98,"<"&T5,AF$3:AF$98,">"&S5)+COUNTIFS($AK$3:$AK$98,$AK5,AG$3:AG$98,"<"&T5,AH$3:AH$98,">"&S5)-(S5<T5)) -> 0 | AZ5: =AY5 -> 0 | BA5: =IF(OR($AK5="",U5="",V5=""),0,COUNTIFS($AK$3:$AK$98,$AK5,K$3:K$98,"<"&V5,L$3:L$98,">"&U5)+COUNTIFS($AK$3:$AK$98,$AK5,M$3:M$98,"<"&V5,N$3:N$98,">"&U5)+COUNTIFS($AK$3:$AK$98,$AK5,O$3:O$98,"<"&V5,P$3:P$98,">"&U5)+COUNTIFS($AK$3:$AK$98,$AK5,Q$3:Q$98,"<"&V5,R$3:R$98,">"&U5)+COUNTIFS($AK$3:$AK$98,$AK5,S$3:S$98,"<"&V5,T$3:T$98,">"&U5)+COUNTIFS($AK$3:$AK$98,$AK5,U$3:U$98,"<"&V5,V$3:V$98,">"&U5)+COUNTIFS($AK$3:$AK$98,$AK5,W$3:W$98,"<"&V5,X$3:X$98,">"&U5)+COUNTIFS($AK$3:$AK$98,$AK5,Y$3:Y$98,"<"&V5,Z$3:Z$98,">"&U5)+COUNTIFS($AK$3:$AK$98,$AK5,AA$3:AA$98,"<"&V5,AB$3:AB$98,">"&U5)+COUNTIFS($AK$3:$AK$98,$AK5,AC$3:AC$98,"<"&V5,AD$3:AD$98,">"&U5)+COUNTIFS($AK$3:$AK$98,$AK5,AE$3:AE$98,"<"&V5,AF$3:AF$98,">"&U5)+COUNTIFS($AK$3:$AK$98,$AK5,AG$3:AG$98,"<"&V5,AH$3:AH$98,">"&U5)-(U5<V5)) -> 0 | BB5: =BA5 -> 0 | BC5: =IF(OR($AK5="",W5="",X5=""),0,COUNTIFS($AK$3:$AK$98,$AK5,K$3:K$98,"<"&X5,L$3:L$98,">"&W5)+COUNTIFS($AK$3:$AK$98,$AK5,M$3:M$98,"<"&X5,N$3:N$98,">"&W5)+COUNTIFS($AK$3:$AK$98,$AK5,O$3:O$98,"<"&X5,P$3:P$98,">"&W5)+COUNTIFS($AK$3:$AK$98,$AK5,Q$3:Q$98,"<"&X5,R$3:R$98,">"&W5)+COUNTIFS($AK$3:$AK$98,$AK5,S$3:S$98,"<"&X5,T$3:T$98,">"&W5)+COUNTIFS($AK$3:$AK$98,$AK5,U$3:U$98,"<"&X5,V$3:V$98,">"&W5)+COUNTIFS($AK$3:$AK$98,$AK5,W$3:W$98,"<"&X5,X$3:X$98,">"&W5)+COUNTIFS($AK$3:$AK$98,$AK5,Y$3:Y$98,"<"&X5,Z$3:Z$98,">"&W5)+COUNTIFS($AK$3:$AK$98,$AK5,AA$3:AA$98,"<"&X5,AB$3:AB$98,">"&W5)+COUNTIFS($AK$3:$AK$98,$AK5,AC$3:AC$98,"<"&X5,AD$3:AD$98,">"&W5)+COUNTIFS($AK$3:$AK$98,$AK5,AE$3:AE$98,"<"&X5,AF$3:AF$98,">"&W5)+COUNTIFS($AK$3:$AK$98,$AK5,AG$3:AG$98,"<"&X5,AH$3:AH$98,">"&W5)-(W5<X5)) -> 0 | BD5: =BC5 -> 0 | BE5: =IF(OR($AK5="",Y5="",Z5=""),0,COUNTIFS($AK$3:$AK$98,$AK5,K$3:K$98,"<"&Z5,L$3:L$98,">"&Y5)+COUNTIFS($AK$3:$AK$98,$AK5,M$3:M$98,"<"&Z5,N$3:N$98,">"&Y5)+COUNTIFS($AK$3:$AK$98,$AK5,O$3:O$98,"<"&Z5,P$3:P$98,">"&Y5)+COUNTIFS($AK$3:$AK$98,$AK5,Q$3:Q$98,"<"&Z5,R$3:R$98,">"&Y5)+COUNTIFS($AK$3:$AK$98,$AK5,S$3:S$98,"<"&Z5,T$3:T$98,">"&Y5)+COUNTIFS($AK$3:$AK$98,$AK5,U$3:U$98,"<"&Z5,V$3:V$98,">"&Y5)+COUNTIFS($AK$3:$AK$98,$AK5,W$3:W$98,"<"&Z5,X$3:X$98,">"&Y5)+COUNTIFS($AK$3:$AK$98,$AK5,Y$3:Y$98,"<"&Z5,Z$3:Z$98,">"&Y5)+COUNTIFS($AK$3:$AK$98,$AK5,AA$3:AA$98,"<"&Z5,AB$3:AB$98,">"&Y5)+COUNTIFS($AK$3:$AK$98,$AK5,AC$3:AC$98,"<"&Z5,AD$3:AD$98,">"&Y5)+COUNTIFS($AK$3:$AK$98,$AK5,AE$3:AE$98,"<"&Z5,AF$3:AF$98,">"&Y5)+COUNTIFS($AK$3:$AK$98,$AK5,AG$3:AG$98,"<"&Z5,AH$3:AH$98,">"&Y5)-(Y5<Z5)) -> 0 | BF5: =BE5 -> 0 | BG5: =IF(OR($AK5="",AA5="",AB5=""),0,COUNTIFS($AK$3:$AK$98,$AK5,K$3:K$98,"<"&AB5,L$3:L$98,">"&AA5)+COUNTIFS($AK$3:$AK$98,$AK5,M$3:M$98,"<"&AB5,N$3:N$98,">"&AA5)+COUNTIFS($AK$3:$AK$98,$AK5,O$3:O$98,"<"&AB5,P$3:P$98,">"&AA5)+COUNTIFS($AK$3:$AK$98,$AK5,Q$3:Q$98,"<"&AB5,R$3:R$98,">"&AA5)+COUNTIFS($AK$3:$AK$98,$AK5,S$3:S$98,"<"&AB5,T$3:T$98,">"&AA5)+COUNTIFS($AK$3:$AK$98,$AK5,U$3:U$98,"<"&AB5,V$3:V$98,">"&AA5)+COUNTIFS($AK$3:$AK$98,$AK5,W$3:W$98,"<"&AB5,X$3:X$98,">"&AA5)+COUNTIFS($AK$3:$AK$98,$AK5,Y$3:Y$98,"<"&AB5,Z$3:Z$98,">"&AA5)+COUNTIFS($AK$3:$AK$98,$AK5,AA$3:AA$98,"<"&AB5,AB$3:AB$98,">"&AA5)+COUNTIFS($AK$3:$AK$98,$AK5,AC$3:AC$98,"<"&AB5,AD$3:AD$98,">"&AA5)+COUNTIFS($AK$3:$AK$98,$AK5,AE$3:AE$98,"<"&AB5,AF$3:AF$98,">"&AA5)+COUNTIFS($AK$3:$AK$98,$AK5,AG$3:AG$98,"<"&AB5,AH$3:AH$98,">"&AA5)-(AA5<AB5)) -> 0 | BH5: =BG5 -> 0 | BI5: =IF(OR($AK5="",AC5="",AD5=""),0,COUNTIFS($AK$3:$AK$98,$AK5,K$3:K$98,"<"&AD5,L$3:L$98,">"&AC5)+COUNTIFS($AK$3:$AK$98,$AK5,M$3:M$98,"<"&AD5,N$3:N$98,">"&AC5)+COUNTIFS($AK$3:$AK$98,$AK5,O$3:O$98,"<"&AD5,P$3:P$98,">"&AC5)+COUNTIFS($AK$3:$AK$98,$AK5,Q$3:Q$98,"<"&AD5,R$3:R$98,">"&AC5)+COUNTIFS($AK$3:$AK$98,$AK5,S$3:S$98,"<"&AD5,T$3:T$98,">"&AC5)+COUNTIFS($AK$3:$AK$98,$AK5,U$3:U$98,"<"&AD5,V$3:V$98,">"&AC5)+COUNTIFS($AK$3:$AK$98,$AK5,W$3:W$98,"<"&AD5,X$3:X$98,">"&AC5)+COUNTIFS($AK$3:$AK$98,$AK5,Y$3:Y$98,"<"&AD5,Z$3:Z$98,">"&AC5)+COUNTIFS($AK$3:$AK$98,$AK5,AA$3:AA$98,"<"&AD5,AB$3:AB$98,">"&AC5)+COUNTIFS($AK$3:$AK$98,$AK5,AC$3:AC$98,"<"&AD5,AD$3:AD$98,">"&AC5)+COUNTIFS($AK$3:$AK$98,$AK5,AE$3:AE$98,"<"&AD5,AF$3:AF$98,">"&AC5)+COUNTIFS($AK$3:$AK$98,$AK5,AG$3:AG$98,"<"&AD5,AH$3:AH$98,">"&AC5)-(AC5<AD5)) -> 0 | BJ5: =BI5 -> 0 | BK5: =IF(OR($AK5="",AE5="",AF5=""),0,COUNTIFS($AK$3:$AK$98,$AK5,K$3:K$98,"<"&AF5,L$3:L$98,">"&AE5)+COUNTIFS($AK$3:$AK$98,$AK5,M$3:M$98,"<"&AF5,N$3:N$98,">"&AE5)+COUNTIFS($AK$3:$AK$98,$AK5,O$3:O$98,"<"&AF5,P$3:P$98,">"&AE5)+COUNTIFS($AK$3:$AK$98,$AK5,Q$3:Q$98,"<"&AF5,R$3:R$98,">"&AE5)+COUNTIFS($AK$3:$AK$98,$AK5,S$3:S$98,"<"&AF5,T$3:T$98,">"&AE5)+COUNTIFS($AK$3:$AK$98,$AK5,U$3:U$98,"<"&AF5,V$3:V$98,">"&AE5)+COUNTIFS($AK$3:$AK$98,$AK5,W$3:W$98,"<"&AF5,X$3:X$98,">"&AE5)+COUNTIFS($AK$3:$AK$98,$AK5,Y$3:Y$98,"<"&AF5,Z$3:Z$98,">"&AE5)+COUNTIFS($AK$3:$AK$98,$AK5,AA$3:AA$98,"<"&AF5,AB$3:AB$98,">"&AE5)+COUNTIFS($AK$3:$AK$98,$AK5,AC$3:AC$98,"<"&AF5,AD$3:AD$98,">"&AE5)+COUNTIFS($AK$3:$AK$98,$AK5,AE$3:AE$98,"<"&AF5,AF$3:AF$98,">"&AE5)+COUNTIFS($AK$3:$AK$98,$AK5,AG$3:AG$98,"<"&AF5,AH$3:AH$98,">"&AE5)-(AE5<AF5)) -> 0 | BL5: =BK5 -> 0 | BM5: =IF(OR($AK5="",AG5="",AH5=""),0,COUNTIFS($AK$3:$AK$98,$AK5,K$3:K$98,"<"&AH5,L$3:L$98,">"&AG5)+COUNTIFS($AK$3:$AK$98,$AK5,M$3:M$98,"<"&AH5,N$3:N$98,">"&AG5)+COUNTIFS($AK$3:$AK$98,$AK5,O$3:O$98,"<"&AH5,P$3:P$98,">"&AG5)+COUNTIFS($AK$3:$AK$98,$AK5,Q$3:Q$98,"<"&AH5,R$3:R$98,">"&AG5)+COUNTIFS($AK$3:$AK$98,$AK5,S$3:S$98,"<"&AH5,T$3:T$98,">"&AG5)+COUNTIFS($AK$3:$AK$98,$AK5,U$3:U$98,"<"&AH5,V$3:V$98,">"&AG5)+COUNTIFS($AK$3:$AK$98,$AK5,W$3:W$98,"<"&AH5,X$3:X$98,">"&AG5)+COUNTIFS($AK$3:$AK$98,$AK5,Y$3:Y$98,"<"&AH5,Z$3:Z$98,">"&AG5)+COUNTIFS($AK$3:$AK$98,$AK5,AA$3:AA$98,"<"&AH5,AB$3:AB$98,">"&AG5)+COUNTIFS($AK$3:$AK$98,$AK5,AC$3:AC$98,"<"&AH5,AD$3:AD$98,">"&AG5)+COUNTIFS($AK$3:$AK$98,$AK5,AE$3:AE$98,"<"&AH5,AF$3:AF$98,">"&AG5)+COUNTIFS($AK$3:$AK$98,$AK5,AG$3:AG$98,"<"&AH5,AH$3:AH$98,">"&AG5)-(AG5<AH5)) -> 0 | BN5: =BM5 -> 0 | BO5: =IF(ISNUMBER($G5),$G5,"") | BP5: =IF(AND($A5<>"",COUNT($K5:$AH5)>0),ROW(),"")
A6: =IF($A4="","",$A4) | B6: =IF($A4="","","high") | E6: =IF(AND($D6="",COUNT($K6:$AH6)=0),"",IF(K6="",0,MAX(0,NETWORKDAYS(K6,IF(L6<>"",L6,IF($J6<>"",K6,$AI$1)),祝日!$A$2:$A$200)))+IF(M6="",0,MAX(0,NETWORKDAYS(M6,IF(N6<>"",N6,IF($J6<>"",M6,$AI$1)),祝日!$A$2:$A$200)))+IF(O6="",0,MAX(0,NETWORKDAYS(O6,IF(P6<>"",P6,IF($J6<>"",O6,$AI$1)),祝日!$A$2:$A$200)))+IF(Q6="",0,MAX(0,NETWORKDAYS(Q6,IF(R6<>"",R6,IF($J6<>"",Q6,$AI$1)),祝日!$A$2:$A$200)))+IF(S6="",0,MAX(0,NETWORKDAYS(S6,IF(T6<>"",T6,IF($J6<>"",S6,$AI$1)),祝日!$A$2:$A$200)))+IF(U6="",0,MAX(0,NETWORKDAYS(U6,IF(V6<>"",V6,IF($J6<>"",U6,$AI$1)),祝日!$A$2:$A$200)))+IF(W6="",0,MAX(0,NETWORKDAYS(W6,IF(X6<>"",X6,IF($J6<>"",W6,$AI$1)),祝日!$A$2:$A$200)))+IF(Y6="",0,MAX(0,NETWORKDAYS(Y6,IF(Z6<>"",Z6,IF($J6<>"",Y6,$AI$1)),祝日!$A$2:$A$200)))+IF(AA6="",0,MAX(0,NETWORKDAYS(AA6,IF(AB6<>"",AB6,IF($J6<>"",AA6,$AI$1)),祝日!$A$2:$A$200)))+IF(AC6="",0,MAX(0,NETWORKDAYS(AC6,IF(AD6<>"",AD6,IF($J6<>"",AC6,$AI$1)),祝日!$A$2:$A$200)))+IF(AE6="",0,MAX(0,NETWORKDAYS(AE6,IF(AF6<>"",AF6,IF($J6<>"",AE6,$AI$1)),祝日!$A$2:$A$200)))+IF(AG6="",0,MAX(0,NETWORKDAYS(AG6,IF(AH6<>"",AH6,IF($J6<>"",AG6,$AI$1)),祝日!$A$2:$A$200)))) | F6: =IF($D6="","",$D6-$E6) | G6: =IF(OR($D6="",$D6=0),"",$E6/$D6) | H6: =IF($D6="","",IF($J6<>"","FIX",IF(AND(SUMPRODUCT((MOD(COLUMN($K6:$AH6)-COLUMN($K6),2)=0)*($K6:$AH6<>""))=0,SUMPRODUCT((MOD(COLUMN($K6:$AH6)-COLUMN($K6),2)=1)*($K6:$AH6<>""))=0),"未着手",IF(SUMPRODUCT((MOD(COLUMN($K6:$AH6)-COLUMN($K6),2)=0)*($K6:$AH6<>""))>SUMPRODUCT((MOD(COLUMN($K6:$AH6)-COLUMN($K6),2)=1)*($K6:$AH6<>"")),"作業中","中断")))) | I6: =IF($H6="中断",MAX(0,$AI$1-MAX(L6,N6,P6,R6,T6,V6,X6,Z6,AB6,AD6,AF6,AH6)),"") | AK6: =IF($A4="","",IF(LOOKUP(2,1/($AJ$3:$AJ6<>""),$AJ$3:$AJ6)="-","",LOOKUP(2,1/($AJ$3:$AJ6<>""),$AJ$3:$AJ6))) | AL6: =$H6 | AM6: =IF(ISNUMBER($D6),$D6,0) -> 0 | AN6: =IF(ISNUMBER($E6),$E6,0) -> 0 | AO6: =IF(ISNUMBER($F6),$F6,0) -> 0 | AQ6: =IF(OR($AK6="",K6="",L6=""),0,COUNTIFS($AK$3:$AK$98,$AK6,K$3:K$98,"<"&L6,L$3:L$98,">"&K6)+COUNTIFS($AK$3:$AK$98,$AK6,M$3:M$98,"<"&L6,N$3:N$98,">"&K6)+COUNTIFS($AK$3:$AK$98,$AK6,O$3:O$98,"<"&L6,P$3:P$98,">"&K6)+COUNTIFS($AK$3:$AK$98,$AK6,Q$3:Q$98,"<"&L6,R$3:R$98,">"&K6)+COUNTIFS($AK$3:$AK$98,$AK6,S$3:S$98,"<"&L6,T$3:T$98,">"&K6)+COUNTIFS($AK$3:$AK$98,$AK6,U$3:U$98,"<"&L6,V$3:V$98,">"&K6)+COUNTIFS($AK$3:$AK$98,$AK6,W$3:W$98,"<"&L6,X$3:X$98,">"&K6)+COUNTIFS($AK$3:$AK$98,$AK6,Y$3:Y$98,"<"&L6,Z$3:Z$98,">"&K6)+COUNTIFS($AK$3:$AK$98,$AK6,AA$3:AA$98,"<"&L6,AB$3:AB$98,">"&K6)+COUNTIFS($AK$3:$AK$98,$AK6,AC$3:AC$98,"<"&L6,AD$3:AD$98,">"&K6)+COUNTIFS($AK$3:$AK$98,$AK6,AE$3:AE$98,"<"&L6,AF$3:AF$98,">"&K6)+COUNTIFS($AK$3:$AK$98,$AK6,AG$3:AG$98,"<"&L6,AH$3:AH$98,">"&K6)-(K6<L6)) -> 0 | AR6: =AQ6 -> 0 | AS6: =IF(OR($AK6="",M6="",N6=""),0,COUNTIFS($AK$3:$AK$98,$AK6,K$3:K$98,"<"&N6,L$3:L$98,">"&M6)+COUNTIFS($AK$3:$AK$98,$AK6,M$3:M$98,"<"&N6,N$3:N$98,">"&M6)+COUNTIFS($AK$3:$AK$98,$AK6,O$3:O$98,"<"&N6,P$3:P$98,">"&M6)+COUNTIFS($AK$3:$AK$98,$AK6,Q$3:Q$98,"<"&N6,R$3:R$98,">"&M6)+COUNTIFS($AK$3:$AK$98,$AK6,S$3:S$98,"<"&N6,T$3:T$98,">"&M6)+COUNTIFS($AK$3:$AK$98,$AK6,U$3:U$98,"<"&N6,V$3:V$98,">"&M6)+COUNTIFS($AK$3:$AK$98,$AK6,W$3:W$98,"<"&N6,X$3:X$98,">"&M6)+COUNTIFS($AK$3:$AK$98,$AK6,Y$3:Y$98,"<"&N6,Z$3:Z$98,">"&M6)+COUNTIFS($AK$3:$AK$98,$AK6,AA$3:AA$98,"<"&N6,AB$3:AB$98,">"&M6)+COUNTIFS($AK$3:$AK$98,$AK6,AC$3:AC$98,"<"&N6,AD$3:AD$98,">"&M6)+COUNTIFS($AK$3:$AK$98,$AK6,AE$3:AE$98,"<"&N6,AF$3:AF$98,">"&M6)+COUNTIFS($AK$3:$AK$98,$AK6,AG$3:AG$98,"<"&N6,AH$3:AH$98,">"&M6)-(M6<N6)) -> 0 | AT6: =AS6 -> 0 | AU6: =IF(OR($AK6="",O6="",P6=""),0,COUNTIFS($AK$3:$AK$98,$AK6,K$3:K$98,"<"&P6,L$3:L$98,">"&O6)+COUNTIFS($AK$3:$AK$98,$AK6,M$3:M$98,"<"&P6,N$3:N$98,">"&O6)+COUNTIFS($AK$3:$AK$98,$AK6,O$3:O$98,"<"&P6,P$3:P$98,">"&O6)+COUNTIFS($AK$3:$AK$98,$AK6,Q$3:Q$98,"<"&P6,R$3:R$98,">"&O6)+COUNTIFS($AK$3:$AK$98,$AK6,S$3:S$98,"<"&P6,T$3:T$98,">"&O6)+COUNTIFS($AK$3:$AK$98,$AK6,U$3:U$98,"<"&P6,V$3:V$98,">"&O6)+COUNTIFS($AK$3:$AK$98,$AK6,W$3:W$98,"<"&P6,X$3:X$98,">"&O6)+COUNTIFS($AK$3:$AK$98,$AK6,Y$3:Y$98,"<"&P6,Z$3:Z$98,">"&O6)+COUNTIFS($AK$3:$AK$98,$AK6,AA$3:AA$98,"<"&P6,AB$3:AB$98,">"&O6)+COUNTIFS($AK$3:$AK$98,$AK6,AC$3:AC$98,"<"&P6,AD$3:AD$98,">"&O6)+COUNTIFS($AK$3:$AK$98,$AK6,AE$3:AE$98,"<"&P6,AF$3:AF$98,">"&O6)+COUNTIFS($AK$3:$AK$98,$AK6,AG$3:AG$98,"<"&P6,AH$3:AH$98,">"&O6)-(O6<P6)) -> 0 | AV6: =AU6 -> 0 | AW6: =IF(OR($AK6="",Q6="",R6=""),0,COUNTIFS($AK$3:$AK$98,$AK6,K$3:K$98,"<"&R6,L$3:L$98,">"&Q6)+COUNTIFS($AK$3:$AK$98,$AK6,M$3:M$98,"<"&R6,N$3:N$98,">"&Q6)+COUNTIFS($AK$3:$AK$98,$AK6,O$3:O$98,"<"&R6,P$3:P$98,">"&Q6)+COUNTIFS($AK$3:$AK$98,$AK6,Q$3:Q$98,"<"&R6,R$3:R$98,">"&Q6)+COUNTIFS($AK$3:$AK$98,$AK6,S$3:S$98,"<"&R6,T$3:T$98,">"&Q6)+COUNTIFS($AK$3:$AK$98,$AK6,U$3:U$98,"<"&R6,V$3:V$98,">"&Q6)+COUNTIFS($AK$3:$AK$98,$AK6,W$3:W$98,"<"&R6,X$3:X$98,">"&Q6)+COUNTIFS($AK$3:$AK$98,$AK6,Y$3:Y$98,"<"&R6,Z$3:Z$98,">"&Q6)+COUNTIFS($AK$3:$AK$98,$AK6,AA$3:AA$98,"<"&R6,AB$3:AB$98,">"&Q6)+COUNTIFS($AK$3:$AK$98,$AK6,AC$3:AC$98,"<"&R6,AD$3:AD$98,">"&Q6)+COUNTIFS($AK$3:$AK$98,$AK6,AE$3:AE$98,"<"&R6,AF$3:AF$98,">"&Q6)+COUNTIFS($AK$3:$AK$98,$AK6,AG$3:AG$98,"<"&R6,AH$3:AH$98,">"&Q6)-(Q6<R6)) -> 0 | AX6: =AW6 -> 0 | AY6: =IF(OR($AK6="",S6="",T6=""),0,COUNTIFS($AK$3:$AK$98,$AK6,K$3:K$98,"<"&T6,L$3:L$98,">"&S6)+COUNTIFS($AK$3:$AK$98,$AK6,M$3:M$98,"<"&T6,N$3:N$98,">"&S6)+COUNTIFS($AK$3:$AK$98,$AK6,O$3:O$98,"<"&T6,P$3:P$98,">"&S6)+COUNTIFS($AK$3:$AK$98,$AK6,Q$3:Q$98,"<"&T6,R$3:R$98,">"&S6)+COUNTIFS($AK$3:$AK$98,$AK6,S$3:S$98,"<"&T6,T$3:T$98,">"&S6)+COUNTIFS($AK$3:$AK$98,$AK6,U$3:U$98,"<"&T6,V$3:V$98,">"&S6)+COUNTIFS($AK$3:$AK$98,$AK6,W$3:W$98,"<"&T6,X$3:X$98,">"&S6)+COUNTIFS($AK$3:$AK$98,$AK6,Y$3:Y$98,"<"&T6,Z$3:Z$98,">"&S6)+COUNTIFS($AK$3:$AK$98,$AK6,AA$3:AA$98,"<"&T6,AB$3:AB$98,">"&S6)+COUNTIFS($AK$3:$AK$98,$AK6,AC$3:AC$98,"<"&T6,AD$3:AD$98,">"&S6)+COUNTIFS($AK$3:$AK$98,$AK6,AE$3:AE$98,"<"&T6,AF$3:AF$98,">"&S6)+COUNTIFS($AK$3:$AK$98,$AK6,AG$3:AG$98,"<"&T6,AH$3:AH$98,">"&S6)-(S6<T6)) -> 0 | AZ6: =AY6 -> 0 | BA6: =IF(OR($AK6="",U6="",V6=""),0,COUNTIFS($AK$3:$AK$98,$AK6,K$3:K$98,"<"&V6,L$3:L$98,">"&U6)+COUNTIFS($AK$3:$AK$98,$AK6,M$3:M$98,"<"&V6,N$3:N$98,">"&U6)+COUNTIFS($AK$3:$AK$98,$AK6,O$3:O$98,"<"&V6,P$3:P$98,">"&U6)+COUNTIFS($AK$3:$AK$98,$AK6,Q$3:Q$98,"<"&V6,R$3:R$98,">"&U6)+COUNTIFS($AK$3:$AK$98,$AK6,S$3:S$98,"<"&V6,T$3:T$98,">"&U6)+COUNTIFS($AK$3:$AK$98,$AK6,U$3:U$98,"<"&V6,V$3:V$98,">"&U6)+COUNTIFS($AK$3:$AK$98,$AK6,W$3:W$98,"<"&V6,X$3:X$98,">"&U6)+COUNTIFS($AK$3:$AK$98,$AK6,Y$3:Y$98,"<"&V6,Z$3:Z$98,">"&U6)+COUNTIFS($AK$3:$AK$98,$AK6,AA$3:AA$98,"<"&V6,AB$3:AB$98,">"&U6)+COUNTIFS($AK$3:$AK$98,$AK6,AC$3:AC$98,"<"&V6,AD$3:AD$98,">"&U6)+COUNTIFS($AK$3:$AK$98,$AK6,AE$3:AE$98,"<"&V6,AF$3:AF$98,">"&U6)+COUNTIFS($AK$3:$AK$98,$AK6,AG$3:AG$98,"<"&V6,AH$3:AH$98,">"&U6)-(U6<V6)) -> 0 | BB6: =BA6 -> 0 | BC6: =IF(OR($AK6="",W6="",X6=""),0,COUNTIFS($AK$3:$AK$98,$AK6,K$3:K$98,"<"&X6,L$3:L$98,">"&W6)+COUNTIFS($AK$3:$AK$98,$AK6,M$3:M$98,"<"&X6,N$3:N$98,">"&W6)+COUNTIFS($AK$3:$AK$98,$AK6,O$3:O$98,"<"&X6,P$3:P$98,">"&W6)+COUNTIFS($AK$3:$AK$98,$AK6,Q$3:Q$98,"<"&X6,R$3:R$98,">"&W6)+COUNTIFS($AK$3:$AK$98,$AK6,S$3:S$98,"<"&X6,T$3:T$98,">"&W6)+COUNTIFS($AK$3:$AK$98,$AK6,U$3:U$98,"<"&X6,V$3:V$98,">"&W6)+COUNTIFS($AK$3:$AK$98,$AK6,W$3:W$98,"<"&X6,X$3:X$98,">"&W6)+COUNTIFS($AK$3:$AK$98,$AK6,Y$3:Y$98,"<"&X6,Z$3:Z$98,">"&W6)+COUNTIFS($AK$3:$AK$98,$AK6,AA$3:AA$98,"<"&X6,AB$3:AB$98,">"&W6)+COUNTIFS($AK$3:$AK$98,$AK6,AC$3:AC$98,"<"&X6,AD$3:AD$98,">"&W6)+COUNTIFS($AK$3:$AK$98,$AK6,AE$3:AE$98,"<"&X6,AF$3:AF$98,">"&W6)+COUNTIFS($AK$3:$AK$98,$AK6,AG$3:AG$98,"<"&X6,AH$3:AH$98,">"&W6)-(W6<X6)) -> 0 | BD6: =BC6 -> 0 | BE6: =IF(OR($AK6="",Y6="",Z6=""),0,COUNTIFS($AK$3:$AK$98,$AK6,K$3:K$98,"<"&Z6,L$3:L$98,">"&Y6)+COUNTIFS($AK$3:$AK$98,$AK6,M$3:M$98,"<"&Z6,N$3:N$98,">"&Y6)+COUNTIFS($AK$3:$AK$98,$AK6,O$3:O$98,"<"&Z6,P$3:P$98,">"&Y6)+COUNTIFS($AK$3:$AK$98,$AK6,Q$3:Q$98,"<"&Z6,R$3:R$98,">"&Y6)+COUNTIFS($AK$3:$AK$98,$AK6,S$3:S$98,"<"&Z6,T$3:T$98,">"&Y6)+COUNTIFS($AK$3:$AK$98,$AK6,U$3:U$98,"<"&Z6,V$3:V$98,">"&Y6)+COUNTIFS($AK$3:$AK$98,$AK6,W$3:W$98,"<"&Z6,X$3:X$98,">"&Y6)+COUNTIFS($AK$3:$AK$98,$AK6,Y$3:Y$98,"<"&Z6,Z$3:Z$98,">"&Y6)+COUNTIFS($AK$3:$AK$98,$AK6,AA$3:AA$98,"<"&Z6,AB$3:AB$98,">"&Y6)+COUNTIFS($AK$3:$AK$98,$AK6,AC$3:AC$98,"<"&Z6,AD$3:AD$98,">"&Y6)+COUNTIFS($AK$3:$AK$98,$AK6,AE$3:AE$98,"<"&Z6,AF$3:AF$98,">"&Y6)+COUNTIFS($AK$3:$AK$98,$AK6,AG$3:AG$98,"<"&Z6,AH$3:AH$98,">"&Y6)-(Y6<Z6)) -> 0 | BF6: =BE6 -> 0 | BG6: =IF(OR($AK6="",AA6="",AB6=""),0,COUNTIFS($AK$3:$AK$98,$AK6,K$3:K$98,"<"&AB6,L$3:L$98,">"&AA6)+COUNTIFS($AK$3:$AK$98,$AK6,M$3:M$98,"<"&AB6,N$3:N$98,">"&AA6)+COUNTIFS($AK$3:$AK$98,$AK6,O$3:O$98,"<"&AB6,P$3:P$98,">"&AA6)+COUNTIFS($AK$3:$AK$98,$AK6,Q$3:Q$98,"<"&AB6,R$3:R$98,">"&AA6)+COUNTIFS($AK$3:$AK$98,$AK6,S$3:S$98,"<"&AB6,T$3:T$98,">"&AA6)+COUNTIFS($AK$3:$AK$98,$AK6,U$3:U$98,"<"&AB6,V$3:V$98,">"&AA6)+COUNTIFS($AK$3:$AK$98,$AK6,W$3:W$98,"<"&AB6,X$3:X$98,">"&AA6)+COUNTIFS($AK$3:$AK$98,$AK6,Y$3:Y$98,"<"&AB6,Z$3:Z$98,">"&AA6)+COUNTIFS($AK$3:$AK$98,$AK6,AA$3:AA$98,"<"&AB6,AB$3:AB$98,">"&AA6)+COUNTIFS($AK$3:$AK$98,$AK6,AC$3:AC$98,"<"&AB6,AD$3:AD$98,">"&AA6)+COUNTIFS($AK$3:$AK$98,$AK6,AE$3:AE$98,"<"&AB6,AF$3:AF$98,">"&AA6)+COUNTIFS($AK$3:$AK$98,$AK6,AG$3:AG$98,"<"&AB6,AH$3:AH$98,">"&AA6)-(AA6<AB6)) -> 0 | BH6: =BG6 -> 0 | BI6: =IF(OR($AK6="",AC6="",AD6=""),0,COUNTIFS($AK$3:$AK$98,$AK6,K$3:K$98,"<"&AD6,L$3:L$98,">"&AC6)+COUNTIFS($AK$3:$AK$98,$AK6,M$3:M$98,"<"&AD6,N$3:N$98,">"&AC6)+COUNTIFS($AK$3:$AK$98,$AK6,O$3:O$98,"<"&AD6,P$3:P$98,">"&AC6)+COUNTIFS($AK$3:$AK$98,$AK6,Q$3:Q$98,"<"&AD6,R$3:R$98,">"&AC6)+COUNTIFS($AK$3:$AK$98,$AK6,S$3:S$98,"<"&AD6,T$3:T$98,">"&AC6)+COUNTIFS($AK$3:$AK$98,$AK6,U$3:U$98,"<"&AD6,V$3:V$98,">"&AC6)+COUNTIFS($AK$3:$AK$98,$AK6,W$3:W$98,"<"&AD6,X$3:X$98,">"&AC6)+COUNTIFS($AK$3:$AK$98,$AK6,Y$3:Y$98,"<"&AD6,Z$3:Z$98,">"&AC6)+COUNTIFS($AK$3:$AK$98,$AK6,AA$3:AA$98,"<"&AD6,AB$3:AB$98,">"&AC6)+COUNTIFS($AK$3:$AK$98,$AK6,AC$3:AC$98,"<"&AD6,AD$3:AD$98,">"&AC6)+COUNTIFS($AK$3:$AK$98,$AK6,AE$3:AE$98,"<"&AD6,AF$3:AF$98,">"&AC6)+COUNTIFS($AK$3:$AK$98,$AK6,AG$3:AG$98,"<"&AD6,AH$3:AH$98,">"&AC6)-(AC6<AD6)) -> 0 | BJ6: =BI6 -> 0 | BK6: =IF(OR($AK6="",AE6="",AF6=""),0,COUNTIFS($AK$3:$AK$98,$AK6,K$3:K$98,"<"&AF6,L$3:L$98,">"&AE6)+COUNTIFS($AK$3:$AK$98,$AK6,M$3:M$98,"<"&AF6,N$3:N$98,">"&AE6)+COUNTIFS($AK$3:$AK$98,$AK6,O$3:O$98,"<"&AF6,P$3:P$98,">"&AE6)+COUNTIFS($AK$3:$AK$98,$AK6,Q$3:Q$98,"<"&AF6,R$3:R$98,">"&AE6)+COUNTIFS($AK$3:$AK$98,$AK6,S$3:S$98,"<"&AF6,T$3:T$98,">"&AE6)+COUNTIFS($AK$3:$AK$98,$AK6,U$3:U$98,"<"&AF6,V$3:V$98,">"&AE6)+COUNTIFS($AK$3:$AK$98,$AK6,W$3:W$98,"<"&AF6,X$3:X$98,">"&AE6)+COUNTIFS($AK$3:$AK$98,$AK6,Y$3:Y$98,"<"&AF6,Z$3:Z$98,">"&AE6)+COUNTIFS($AK$3:$AK$98,$AK6,AA$3:AA$98,"<"&AF6,AB$3:AB$98,">"&AE6)+COUNTIFS($AK$3:$AK$98,$AK6,AC$3:AC$98,"<"&AF6,AD$3:AD$98,">"&AE6)+COUNTIFS($AK$3:$AK$98,$AK6,AE$3:AE$98,"<"&AF6,AF$3:AF$98,">"&AE6)+COUNTIFS($AK$3:$AK$98,$AK6,AG$3:AG$98,"<"&AF6,AH$3:AH$98,">"&AE6)-(AE6<AF6)) -> 0 | BL6: =BK6 -> 0 | BM6: =IF(OR($AK6="",AG6="",AH6=""),0,COUNTIFS($AK$3:$AK$98,$AK6,K$3:K$98,"<"&AH6,L$3:L$98,">"&AG6)+COUNTIFS($AK$3:$AK$98,$AK6,M$3:M$98,"<"&AH6,N$3:N$98,">"&AG6)+COUNTIFS($AK$3:$AK$98,$AK6,O$3:O$98,"<"&AH6,P$3:P$98,">"&AG6)+COUNTIFS($AK$3:$AK$98,$AK6,Q$3:Q$98,"<"&AH6,R$3:R$98,">"&AG6)+COUNTIFS($AK$3:$AK$98,$AK6,S$3:S$98,"<"&AH6,T$3:T$98,">"&AG6)+COUNTIFS($AK$3:$AK$98,$AK6,U$3:U$98,"<"&AH6,V$3:V$98,">"&AG6)+COUNTIFS($AK$3:$AK$98,$AK6,W$3:W$98,"<"&AH6,X$3:X$98,">"&AG6)+COUNTIFS($AK$3:$AK$98,$AK6,Y$3:Y$98,"<"&AH6,Z$3:Z$98,">"&AG6)+COUNTIFS($AK$3:$AK$98,$AK6,AA$3:AA$98,"<"&AH6,AB$3:AB$98,">"&AG6)+COUNTIFS($AK$3:$AK$98,$AK6,AC$3:AC$98,"<"&AH6,AD$3:AD$98,">"&AG6)+COUNTIFS($AK$3:$AK$98,$AK6,AE$3:AE$98,"<"&AH6,AF$3:AF$98,">"&AG6)+COUNTIFS($AK$3:$AK$98,$AK6,AG$3:AG$98,"<"&AH6,AH$3:AH$98,">"&AG6)-(AG6<AH6)) -> 0 | BN6: =BM6 -> 0 | BO6: =IF(ISNUMBER($G6),$G6,"") | BP6: =IF(AND($A6<>"",COUNT($K6:$AH6)>0),ROW(),"")
A7: =IF($A4="","",$A4) | B7: =IF($A4="","","fac") | E7: =IF(AND($D7="",COUNT($K7:$AH7)=0),"",IF(K7="",0,MAX(0,NETWORKDAYS(K7,IF(L7<>"",L7,IF($J7<>"",K7,$AI$1)),祝日!$A$2:$A$200)))+IF(M7="",0,MAX(0,NETWORKDAYS(M7,IF(N7<>"",N7,IF($J7<>"",M7,$AI$1)),祝日!$A$2:$A$200)))+IF(O7="",0,MAX(0,NETWORKDAYS(O7,IF(P7<>"",P7,IF($J7<>"",O7,$AI$1)),祝日!$A$2:$A$200)))+IF(Q7="",0,MAX(0,NETWORKDAYS(Q7,IF(R7<>"",R7,IF($J7<>"",Q7,$AI$1)),祝日!$A$2:$A$200)))+IF(S7="",0,MAX(0,NETWORKDAYS(S7,IF(T7<>"",T7,IF($J7<>"",S7,$AI$1)),祝日!$A$2:$A$200)))+IF(U7="",0,MAX(0,NETWORKDAYS(U7,IF(V7<>"",V7,IF($J7<>"",U7,$AI$1)),祝日!$A$2:$A$200)))+IF(W7="",0,MAX(0,NETWORKDAYS(W7,IF(X7<>"",X7,IF($J7<>"",W7,$AI$1)),祝日!$A$2:$A$200)))+IF(Y7="",0,MAX(0,NETWORKDAYS(Y7,IF(Z7<>"",Z7,IF($J7<>"",Y7,$AI$1)),祝日!$A$2:$A$200)))+IF(AA7="",0,MAX(0,NETWORKDAYS(AA7,IF(AB7<>"",AB7,IF($J7<>"",AA7,$AI$1)),祝日!$A$2:$A$200)))+IF(AC7="",0,MAX(0,NETWORKDAYS(AC7,IF(AD7<>"",AD7,IF($J7<>"",AC7,$AI$1)),祝日!$A$2:$A$200)))+IF(AE7="",0,MAX(0,NETWORKDAYS(AE7,IF(AF7<>"",AF7,IF($J7<>"",AE7,$AI$1)),祝日!$A$2:$A$200)))+IF(AG7="",0,MAX(0,NETWORKDAYS(AG7,IF(AH7<>"",AH7,IF($J7<>"",AG7,$AI$1)),祝日!$A$2:$A$200)))) | F7: =IF($D7="","",$D7-$E7) | G7: =IF(OR($D7="",$D7=0),"",$E7/$D7) | H7: =IF($D7="","",IF($J7<>"","FIX",IF(AND(SUMPRODUCT((MOD(COLUMN($K7:$AH7)-COLUMN($K7),2)=0)*($K7:$AH7<>""))=0,SUMPRODUCT((MOD(COLUMN($K7:$AH7)-COLUMN($K7),2)=1)*($K7:$AH7<>""))=0),"未着手",IF(SUMPRODUCT((MOD(COLUMN($K7:$AH7)-COLUMN($K7),2)=0)*($K7:$AH7<>""))>SUMPRODUCT((MOD(COLUMN($K7:$AH7)-COLUMN($K7),2)=1)*($K7:$AH7<>"")),"作業中","中断")))) | I7: =IF($H7="中断",MAX(0,$AI$1-MAX(L7,N7,P7,R7,T7,V7,X7,Z7,AB7,AD7,AF7,AH7)),"") | AK7: =IF($A4="","",IF(LOOKUP(2,1/($AJ$3:$AJ7<>""),$AJ$3:$AJ7)="-","",LOOKUP(2,1/($AJ$3:$AJ7<>""),$AJ$3:$AJ7))) | AL7: =$H7 | AM7: =IF(ISNUMBER($D7),$D7,0) -> 0 | AN7: =IF(ISNUMBER($E7),$E7,0) -> 0 | AO7: =IF(ISNUMBER($F7),$F7,0) -> 0 | AQ7: =IF(OR($AK7="",K7="",L7=""),0,COUNTIFS($AK$3:$AK$98,$AK7,K$3:K$98,"<"&L7,L$3:L$98,">"&K7)+COUNTIFS($AK$3:$AK$98,$AK7,M$3:M$98,"<"&L7,N$3:N$98,">"&K7)+COUNTIFS($AK$3:$AK$98,$AK7,O$3:O$98,"<"&L7,P$3:P$98,">"&K7)+COUNTIFS($AK$3:$AK$98,$AK7,Q$3:Q$98,"<"&L7,R$3:R$98,">"&K7)+COUNTIFS($AK$3:$AK$98,$AK7,S$3:S$98,"<"&L7,T$3:T$98,">"&K7)+COUNTIFS($AK$3:$AK$98,$AK7,U$3:U$98,"<"&L7,V$3:V$98,">"&K7)+COUNTIFS($AK$3:$AK$98,$AK7,W$3:W$98,"<"&L7,X$3:X$98,">"&K7)+COUNTIFS($AK$3:$AK$98,$AK7,Y$3:Y$98,"<"&L7,Z$3:Z$98,">"&K7)+COUNTIFS($AK$3:$AK$98,$AK7,AA$3:AA$98,"<"&L7,AB$3:AB$98,">"&K7)+COUNTIFS($AK$3:$AK$98,$AK7,AC$3:AC$98,"<"&L7,AD$3:AD$98,">"&K7)+COUNTIFS($AK$3:$AK$98,$AK7,AE$3:AE$98,"<"&L7,AF$3:AF$98,">"&K7)+COUNTIFS($AK$3:$AK$98,$AK7,AG$3:AG$98,"<"&L7,AH$3:AH$98,">"&K7)-(K7<L7)) -> 0 | AR7: =AQ7 -> 0 | AS7: =IF(OR($AK7="",M7="",N7=""),0,COUNTIFS($AK$3:$AK$98,$AK7,K$3:K$98,"<"&N7,L$3:L$98,">"&M7)+COUNTIFS($AK$3:$AK$98,$AK7,M$3:M$98,"<"&N7,N$3:N$98,">"&M7)+COUNTIFS($AK$3:$AK$98,$AK7,O$3:O$98,"<"&N7,P$3:P$98,">"&M7)+COUNTIFS($AK$3:$AK$98,$AK7,Q$3:Q$98,"<"&N7,R$3:R$98,">"&M7)+COUNTIFS($AK$3:$AK$98,$AK7,S$3:S$98,"<"&N7,T$3:T$98,">"&M7)+COUNTIFS($AK$3:$AK$98,$AK7,U$3:U$98,"<"&N7,V$3:V$98,">"&M7)+COUNTIFS($AK$3:$AK$98,$AK7,W$3:W$98,"<"&N7,X$3:X$98,">"&M7)+COUNTIFS($AK$3:$AK$98,$AK7,Y$3:Y$98,"<"&N7,Z$3:Z$98,">"&M7)+COUNTIFS($AK$3:$AK$98,$AK7,AA$3:AA$98,"<"&N7,AB$3:AB$98,">"&M7)+COUNTIFS($AK$3:$AK$98,$AK7,AC$3:AC$98,"<"&N7,AD$3:AD$98,">"&M7)+COUNTIFS($AK$3:$AK$98,$AK7,AE$3:AE$98,"<"&N7,AF$3:AF$98,">"&M7)+COUNTIFS($AK$3:$AK$98,$AK7,AG$3:AG$98,"<"&N7,AH$3:AH$98,">"&M7)-(M7<N7)) -> 0 | AT7: =AS7 -> 0 | AU7: =IF(OR($AK7="",O7="",P7=""),0,COUNTIFS($AK$3:$AK$98,$AK7,K$3:K$98,"<"&P7,L$3:L$98,">"&O7)+COUNTIFS($AK$3:$AK$98,$AK7,M$3:M$98,"<"&P7,N$3:N$98,">"&O7)+COUNTIFS($AK$3:$AK$98,$AK7,O$3:O$98,"<"&P7,P$3:P$98,">"&O7)+COUNTIFS($AK$3:$AK$98,$AK7,Q$3:Q$98,"<"&P7,R$3:R$98,">"&O7)+COUNTIFS($AK$3:$AK$98,$AK7,S$3:S$98,"<"&P7,T$3:T$98,">"&O7)+COUNTIFS($AK$3:$AK$98,$AK7,U$3:U$98,"<"&P7,V$3:V$98,">"&O7)+COUNTIFS($AK$3:$AK$98,$AK7,W$3:W$98,"<"&P7,X$3:X$98,">"&O7)+COUNTIFS($AK$3:$AK$98,$AK7,Y$3:Y$98,"<"&P7,Z$3:Z$98,">"&O7)+COUNTIFS($AK$3:$AK$98,$AK7,AA$3:AA$98,"<"&P7,AB$3:AB$98,">"&O7)+COUNTIFS($AK$3:$AK$98,$AK7,AC$3:AC$98,"<"&P7,AD$3:AD$98,">"&O7)+COUNTIFS($AK$3:$AK$98,$AK7,AE$3:AE$98,"<"&P7,AF$3:AF$98,">"&O7)+COUNTIFS($AK$3:$AK$98,$AK7,AG$3:AG$98,"<"&P7,AH$3:AH$98,">"&O7)-(O7<P7)) -> 0 | AV7: =AU7 -> 0 | AW7: =IF(OR($AK7="",Q7="",R7=""),0,COUNTIFS($AK$3:$AK$98,$AK7,K$3:K$98,"<"&R7,L$3:L$98,">"&Q7)+COUNTIFS($AK$3:$AK$98,$AK7,M$3:M$98,"<"&R7,N$3:N$98,">"&Q7)+COUNTIFS($AK$3:$AK$98,$AK7,O$3:O$98,"<"&R7,P$3:P$98,">"&Q7)+COUNTIFS($AK$3:$AK$98,$AK7,Q$3:Q$98,"<"&R7,R$3:R$98,">"&Q7)+COUNTIFS($AK$3:$AK$98,$AK7,S$3:S$98,"<"&R7,T$3:T$98,">"&Q7)+COUNTIFS($AK$3:$AK$98,$AK7,U$3:U$98,"<"&R7,V$3:V$98,">"&Q7)+COUNTIFS($AK$3:$AK$98,$AK7,W$3:W$98,"<"&R7,X$3:X$98,">"&Q7)+COUNTIFS($AK$3:$AK$98,$AK7,Y$3:Y$98,"<"&R7,Z$3:Z$98,">"&Q7)+COUNTIFS($AK$3:$AK$98,$AK7,AA$3:AA$98,"<"&R7,AB$3:AB$98,">"&Q7)+COUNTIFS($AK$3:$AK$98,$AK7,AC$3:AC$98,"<"&R7,AD$3:AD$98,">"&Q7)+COUNTIFS($AK$3:$AK$98,$AK7,AE$3:AE$98,"<"&R7,AF$3:AF$98,">"&Q7)+COUNTIFS($AK$3:$AK$98,$AK7,AG$3:AG$98,"<"&R7,AH$3:AH$98,">"&Q7)-(Q7<R7)) -> 0 | AX7: =AW7 -> 0 | AY7: =IF(OR($AK7="",S7="",T7=""),0,COUNTIFS($AK$3:$AK$98,$AK7,K$3:K$98,"<"&T7,L$3:L$98,">"&S7)+COUNTIFS($AK$3:$AK$98,$AK7,M$3:M$98,"<"&T7,N$3:N$98,">"&S7)+COUNTIFS($AK$3:$AK$98,$AK7,O$3:O$98,"<"&T7,P$3:P$98,">"&S7)+COUNTIFS($AK$3:$AK$98,$AK7,Q$3:Q$98,"<"&T7,R$3:R$98,">"&S7)+COUNTIFS($AK$3:$AK$98,$AK7,S$3:S$98,"<"&T7,T$3:T$98,">"&S7)+COUNTIFS($AK$3:$AK$98,$AK7,U$3:U$98,"<"&T7,V$3:V$98,">"&S7)+COUNTIFS($AK$3:$AK$98,$AK7,W$3:W$98,"<"&T7,X$3:X$98,">"&S7)+COUNTIFS($AK$3:$AK$98,$AK7,Y$3:Y$98,"<"&T7,Z$3:Z$98,">"&S7)+COUNTIFS($AK$3:$AK$98,$AK7,AA$3:AA$98,"<"&T7,AB$3:AB$98,">"&S7)+COUNTIFS($AK$3:$AK$98,$AK7,AC$3:AC$98,"<"&T7,AD$3:AD$98,">"&S7)+COUNTIFS($AK$3:$AK$98,$AK7,AE$3:AE$98,"<"&T7,AF$3:AF$98,">"&S7)+COUNTIFS($AK$3:$AK$98,$AK7,AG$3:AG$98,"<"&T7,AH$3:AH$98,">"&S7)-(S7<T7)) -> 0 | AZ7: =AY7 -> 0 | BA7: =IF(OR($AK7="",U7="",V7=""),0,COUNTIFS($AK$3:$AK$98,$AK7,K$3:K$98,"<"&V7,L$3:L$98,">"&U7)+COUNTIFS($AK$3:$AK$98,$AK7,M$3:M$98,"<"&V7,N$3:N$98,">"&U7)+COUNTIFS($AK$3:$AK$98,$AK7,O$3:O$98,"<"&V7,P$3:P$98,">"&U7)+COUNTIFS($AK$3:$AK$98,$AK7,Q$3:Q$98,"<"&V7,R$3:R$98,">"&U7)+COUNTIFS($AK$3:$AK$98,$AK7,S$3:S$98,"<"&V7,T$3:T$98,">"&U7)+COUNTIFS($AK$3:$AK$98,$AK7,U$3:U$98,"<"&V7,V$3:V$98,">"&U7)+COUNTIFS($AK$3:$AK$98,$AK7,W$3:W$98,"<"&V7,X$3:X$98,">"&U7)+COUNTIFS($AK$3:$AK$98,$AK7,Y$3:Y$98,"<"&V7,Z$3:Z$98,">"&U7)+COUNTIFS($AK$3:$AK$98,$AK7,AA$3:AA$98,"<"&V7,AB$3:AB$98,">"&U7)+COUNTIFS($AK$3:$AK$98,$AK7,AC$3:AC$98,"<"&V7,AD$3:AD$98,">"&U7)+COUNTIFS($AK$3:$AK$98,$AK7,AE$3:AE$98,"<"&V7,AF$3:AF$98,">"&U7)+COUNTIFS($AK$3:$AK$98,$AK7,AG$3:AG$98,"<"&V7,AH$3:AH$98,">"&U7)-(U7<V7)) -> 0 | BB7: =BA7 -> 0 | BC7: =IF(OR($AK7="",W7="",X7=""),0,COUNTIFS($AK$3:$AK$98,$AK7,K$3:K$98,"<"&X7,L$3:L$98,">"&W7)+COUNTIFS($AK$3:$AK$98,$AK7,M$3:M$98,"<"&X7,N$3:N$98,">"&W7)+COUNTIFS($AK$3:$AK$98,$AK7,O$3:O$98,"<"&X7,P$3:P$98,">"&W7)+COUNTIFS($AK$3:$AK$98,$AK7,Q$3:Q$98,"<"&X7,R$3:R$98,">"&W7)+COUNTIFS($AK$3:$AK$98,$AK7,S$3:S$98,"<"&X7,T$3:T$98,">"&W7)+COUNTIFS($AK$3:$AK$98,$AK7,U$3:U$98,"<"&X7,V$3:V$98,">"&W7)+COUNTIFS($AK$3:$AK$98,$AK7,W$3:W$98,"<"&X7,X$3:X$98,">"&W7)+COUNTIFS($AK$3:$AK$98,$AK7,Y$3:Y$98,"<"&X7,Z$3:Z$98,">"&W7)+COUNTIFS($AK$3:$AK$98,$AK7,AA$3:AA$98,"<"&X7,AB$3:AB$98,">"&W7)+COUNTIFS($AK$3:$AK$98,$AK7,AC$3:AC$98,"<"&X7,AD$3:AD$98,">"&W7)+COUNTIFS($AK$3:$AK$98,$AK7,AE$3:AE$98,"<"&X7,AF$3:AF$98,">"&W7)+COUNTIFS($AK$3:$AK$98,$AK7,AG$3:AG$98,"<"&X7,AH$3:AH$98,">"&W7)-(W7<X7)) -> 0 | BD7: =BC7 -> 0 | BE7: =IF(OR($AK7="",Y7="",Z7=""),0,COUNTIFS($AK$3:$AK$98,$AK7,K$3:K$98,"<"&Z7,L$3:L$98,">"&Y7)+COUNTIFS($AK$3:$AK$98,$AK7,M$3:M$98,"<"&Z7,N$3:N$98,">"&Y7)+COUNTIFS($AK$3:$AK$98,$AK7,O$3:O$98,"<"&Z7,P$3:P$98,">"&Y7)+COUNTIFS($AK$3:$AK$98,$AK7,Q$3:Q$98,"<"&Z7,R$3:R$98,">"&Y7)+COUNTIFS($AK$3:$AK$98,$AK7,S$3:S$98,"<"&Z7,T$3:T$98,">"&Y7)+COUNTIFS($AK$3:$AK$98,$AK7,U$3:U$98,"<"&Z7,V$3:V$98,">"&Y7)+COUNTIFS($AK$3:$AK$98,$AK7,W$3:W$98,"<"&Z7,X$3:X$98,">"&Y7)+COUNTIFS($AK$3:$AK$98,$AK7,Y$3:Y$98,"<"&Z7,Z$3:Z$98,">"&Y7)+COUNTIFS($AK$3:$AK$98,$AK7,AA$3:AA$98,"<"&Z7,AB$3:AB$98,">"&Y7)+COUNTIFS($AK$3:$AK$98,$AK7,AC$3:AC$98,"<"&Z7,AD$3:AD$98,">"&Y7)+COUNTIFS($AK$3:$AK$98,$AK7,AE$3:AE$98,"<"&Z7,AF$3:AF$98,">"&Y7)+COUNTIFS($AK$3:$AK$98,$AK7,AG$3:AG$98,"<"&Z7,AH$3:AH$98,">"&Y7)-(Y7<Z7)) -> 0 | BF7: =BE7 -> 0 | BG7: =IF(OR($AK7="",AA7="",AB7=""),0,COUNTIFS($AK$3:$AK$98,$AK7,K$3:K$98,"<"&AB7,L$3:L$98,">"&AA7)+COUNTIFS($AK$3:$AK$98,$AK7,M$3:M$98,"<"&AB7,N$3:N$98,">"&AA7)+COUNTIFS($AK$3:$AK$98,$AK7,O$3:O$98,"<"&AB7,P$3:P$98,">"&AA7)+COUNTIFS($AK$3:$AK$98,$AK7,Q$3:Q$98,"<"&AB7,R$3:R$98,">"&AA7)+COUNTIFS($AK$3:$AK$98,$AK7,S$3:S$98,"<"&AB7,T$3:T$98,">"&AA7)+COUNTIFS($AK$3:$AK$98,$AK7,U$3:U$98,"<"&AB7,V$3:V$98,">"&AA7)+COUNTIFS($AK$3:$AK$98,$AK7,W$3:W$98,"<"&AB7,X$3:X$98,">"&AA7)+COUNTIFS($AK$3:$AK$98,$AK7,Y$3:Y$98,"<"&AB7,Z$3:Z$98,">"&AA7)+COUNTIFS($AK$3:$AK$98,$AK7,AA$3:AA$98,"<"&AB7,AB$3:AB$98,">"&AA7)+COUNTIFS($AK$3:$AK$98,$AK7,AC$3:AC$98,"<"&AB7,AD$3:AD$98,">"&AA7)+COUNTIFS($AK$3:$AK$98,$AK7,AE$3:AE$98,"<"&AB7,AF$3:AF$98,">"&AA7)+COUNTIFS($AK$3:$AK$98,$AK7,AG$3:AG$98,"<"&AB7,AH$3:AH$98,">"&AA7)-(AA7<AB7)) -> 0 | BH7: =BG7 -> 0 | BI7: =IF(OR($AK7="",AC7="",AD7=""),0,COUNTIFS($AK$3:$AK$98,$AK7,K$3:K$98,"<"&AD7,L$3:L$98,">"&AC7)+COUNTIFS($AK$3:$AK$98,$AK7,M$3:M$98,"<"&AD7,N$3:N$98,">"&AC7)+COUNTIFS($AK$3:$AK$98,$AK7,O$3:O$98,"<"&AD7,P$3:P$98,">"&AC7)+COUNTIFS($AK$3:$AK$98,$AK7,Q$3:Q$98,"<"&AD7,R$3:R$98,">"&AC7)+COUNTIFS($AK$3:$AK$98,$AK7,S$3:S$98,"<"&AD7,T$3:T$98,">"&AC7)+COUNTIFS($AK$3:$AK$98,$AK7,U$3:U$98,"<"&AD7,V$3:V$98,">"&AC7)+COUNTIFS($AK$3:$AK$98,$AK7,W$3:W$98,"<"&AD7,X$3:X$98,">"&AC7)+COUNTIFS($AK$3:$AK$98,$AK7,Y$3:Y$98,"<"&AD7,Z$3:Z$98,">"&AC7)+COUNTIFS($AK$3:$AK$98,$AK7,AA$3:AA$98,"<"&AD7,AB$3:AB$98,">"&AC7)+COUNTIFS($AK$3:$AK$98,$AK7,AC$3:AC$98,"<"&AD7,AD$3:AD$98,">"&AC7)+COUNTIFS($AK$3:$AK$98,$AK7,AE$3:AE$98,"<"&AD7,AF$3:AF$98,">"&AC7)+COUNTIFS($AK$3:$AK$98,$AK7,AG$3:AG$98,"<"&AD7,AH$3:AH$98,">"&AC7)-(AC7<AD7)) -> 0 | BJ7: =BI7 -> 0 | BK7: =IF(OR($AK7="",AE7="",AF7=""),0,COUNTIFS($AK$3:$AK$98,$AK7,K$3:K$98,"<"&AF7,L$3:L$98,">"&AE7)+COUNTIFS($AK$3:$AK$98,$AK7,M$3:M$98,"<"&AF7,N$3:N$98,">"&AE7)+COUNTIFS($AK$3:$AK$98,$AK7,O$3:O$98,"<"&AF7,P$3:P$98,">"&AE7)+COUNTIFS($AK$3:$AK$98,$AK7,Q$3:Q$98,"<"&AF7,R$3:R$98,">"&AE7)+COUNTIFS($AK$3:$AK$98,$AK7,S$3:S$98,"<"&AF7,T$3:T$98,">"&AE7)+COUNTIFS($AK$3:$AK$98,$AK7,U$3:U$98,"<"&AF7,V$3:V$98,">"&AE7)+COUNTIFS($AK$3:$AK$98,$AK7,W$3:W$98,"<"&AF7,X$3:X$98,">"&AE7)+COUNTIFS($AK$3:$AK$98,$AK7,Y$3:Y$98,"<"&AF7,Z$3:Z$98,">"&AE7)+COUNTIFS($AK$3:$AK$98,$AK7,AA$3:AA$98,"<"&AF7,AB$3:AB$98,">"&AE7)+COUNTIFS($AK$3:$AK$98,$AK7,AC$3:AC$98,"<"&AF7,AD$3:AD$98,">"&AE7)+COUNTIFS($AK$3:$AK$98,$AK7,AE$3:AE$98,"<"&AF7,AF$3:AF$98,">"&AE7)+COUNTIFS($AK$3:$AK$98,$AK7,AG$3:AG$98,"<"&AF7,AH$3:AH$98,">"&AE7)-(AE7<AF7)) -> 0 | BL7: =BK7 -> 0 | BM7: =IF(OR($AK7="",AG7="",AH7=""),0,COUNTIFS($AK$3:$AK$98,$AK7,K$3:K$98,"<"&AH7,L$3:L$98,">"&AG7)+COUNTIFS($AK$3:$AK$98,$AK7,M$3:M$98,"<"&AH7,N$3:N$98,">"&AG7)+COUNTIFS($AK$3:$AK$98,$AK7,O$3:O$98,"<"&AH7,P$3:P$98,">"&AG7)+COUNTIFS($AK$3:$AK$98,$AK7,Q$3:Q$98,"<"&AH7,R$3:R$98,">"&AG7)+COUNTIFS($AK$3:$AK$98,$AK7,S$3:S$98,"<"&AH7,T$3:T$98,">"&AG7)+COUNTIFS($AK$3:$AK$98,$AK7,U$3:U$98,"<"&AH7,V$3:V$98,">"&AG7)+COUNTIFS($AK$3:$AK$98,$AK7,W$3:W$98,"<"&AH7,X$3:X$98,">"&AG7)+COUNTIFS($AK$3:$AK$98,$AK7,Y$3:Y$98,"<"&AH7,Z$3:Z$98,">"&AG7)+COUNTIFS($AK$3:$AK$98,$AK7,AA$3:AA$98,"<"&AH7,AB$3:AB$98,">"&AG7)+COUNTIFS($AK$3:$AK$98,$AK7,AC$3:AC$98,"<"&AH7,AD$3:AD$98,">"&AG7)+COUNTIFS($AK$3:$AK$98,$AK7,AE$3:AE$98,"<"&AH7,AF$3:AF$98,">"&AG7)+COUNTIFS($AK$3:$AK$98,$AK7,AG$3:AG$98,"<"&AH7,AH$3:AH$98,">"&AG7)-(AG7<AH7)) -> 0 | BN7: =BM7 -> 0 | BO7: =IF(ISNUMBER($G7),$G7,"") | BP7: =IF(AND($A7<>"",COUNT($K7:$AH7)>0),ROW(),"")
A8: chHondawaraA | B8: =IF($A8="","","total") -> total | D8: =IF($A8="","",SUM(D9:D11)) -> 35 | E8: =IF($A8="","",SUM(E9:E11)) -> 6 | F8: =IF($A8="","",D8-E8) -> 29 | G8: =IF($A8="","",IFERROR(AVERAGEIFS(G9:G11,H9:H11,"<>未着手",H9:H11,"<>作業中"),"")) -> 0.4
A9: =IF($A8="","",$A8) -> chHondawaraA | B9: =IF($A8="","","low") -> low | D9: 15 | E9: =IF(AND($D9="",COUNT($K9:$AH9)=0),"",IF(K9="",0,MAX(0,NETWORKDAYS(K9,IF(L9<>"",L9,IF($J9<>"",K9,$AI$1)),祝日!$A$2:$A$200)))+IF(M9="",0,MAX(0,NETWORKDAYS(M9,IF(N9<>"",N9,IF($J9<>"",M9,$AI$1)),祝日!$A$2:$A$200)))+IF(O9="",0,MAX(0,NETWORKDAYS(O9,IF(P9<>"",P9,IF($J9<>"",O9,$AI$1)),祝日!$A$2:$A$200)))+IF(Q9="",0,MAX(0,NETWORKDAYS(Q9,IF(R9<>"",R9,IF($J9<>"",Q9,$AI$1)),祝日!$A$2:$A$200)))+IF(S9="",0,MAX(0,NETWORKDAYS(S9,IF(T9<>"",T9,IF($J9<>"",S9,$AI$1)),祝日!$A$2:$A$200)))+IF(U9="",0,MAX(0,NETWORKDAYS(U9,IF(V9<>"",V9,IF($J9<>"",U9,$AI$1)),祝日!$A$2:$A$200)))+IF(W9="",0,MAX(0,NETWORKDAYS(W9,IF(X9<>"",X9,IF($J9<>"",W9,$AI$1)),祝日!$A$2:$A$200)))+IF(Y9="",0,MAX(0,NETWORKDAYS(Y9,IF(Z9<>"",Z9,IF($J9<>"",Y9,$AI$1)),祝日!$A$2:$A$200)))+IF(AA9="",0,MAX(0,NETWORKDAYS(AA9,IF(AB9<>"",AB9,IF($J9<>"",AA9,$AI$1)),祝日!$A$2:$A$200)))+IF(AC9="",0,MAX(0,NETWORKDAYS(AC9,IF(AD9<>"",AD9,IF($J9<>"",AC9,$AI$1)),祝日!$A$2:$A$200)))+IF(AE9="",0,MAX(0,NETWORKDAYS(AE9,IF(AF9<>"",AF9,IF($J9<>"",AE9,$AI$1)),祝日!$A$2:$A$200)))+IF(AG9="",0,MAX(0,NETWORKDAYS(AG9,IF(AH9<>"",AH9,IF($J9<>"",AG9,$AI$1)),祝日!$A$2:$A$200)))) -> 6 | F9: =IF($D9="","",$D9-$E9) -> 9 | G9: =IF(OR($D9="",$D9=0),"",$E9/$D9) -> 0.4 | H9: =IF($D9="","",IF($J9<>"","FIX",IF(AND(SUMPRODUCT((MOD(COLUMN($K9:$AH9)-COLUMN($K9),2)=0)*($K9:$AH9<>""))=0,SUMPRODUCT((MOD(COLUMN($K9:$AH9)-COLUMN($K9),2)=1)*($K9:$AH9<>""))=0),"未着手",IF(SUMPRODUCT((MOD(COLUMN($K9:$AH9)-COLUMN($K9),2)=0)*($K9:$AH9<>""))>SUMPRODUCT((MOD(COLUMN($K9:$AH9)-COLUMN($K9),2)=1)*($K9:$AH9<>"")),"作業中","中断")))) -> 作業中 | I9: =IF($H9="中断",MAX(0,$AI$1-MAX(L9,N9,P9,R9,T9,V9,X9,Z9,AB9,AD9,AF9,AH9)),"") | K9: 46283 | L9: 46294 | M9: 46302 | AK9: =IF($A8="","",IF(LOOKUP(2,1/($AJ$3:$AJ9<>""),$AJ$3:$AJ9)="-","",LOOKUP(2,1/($AJ$3:$AJ9<>""),$AJ$3:$AJ9))) -> CH01 | AL9: =$H9 -> 作業中 | AM9: =IF(ISNUMBER($D9),$D9,0) -> 15 | AN9: =IF(ISNUMBER($E9),$E9,0) -> 6 | AO9: =IF(ISNUMBER($F9),$F9,0) -> 9 | AQ9: =IF(OR($AK9="",K9="",L9=""),0,COUNTIFS($AK$3:$AK$98,$AK9,K$3:K$98,"<"&L9,L$3:L$98,">"&K9)+COUNTIFS($AK$3:$AK$98,$AK9,M$3:M$98,"<"&L9,N$3:N$98,">"&K9)+COUNTIFS($AK$3:$AK$98,$AK9,O$3:O$98,"<"&L9,P$3:P$98,">"&K9)+COUNTIFS($AK$3:$AK$98,$AK9,Q$3:Q$98,"<"&L9,R$3:R$98,">"&K9)+COUNTIFS($AK$3:$AK$98,$AK9,S$3:S$98,"<"&L9,T$3:T$98,">"&K9)+COUNTIFS($AK$3:$AK$98,$AK9,U$3:U$98,"<"&L9,V$3:V$98,">"&K9)+COUNTIFS($AK$3:$AK$98,$AK9,W$3:W$98,"<"&L9,X$3:X$98,">"&K9)+COUNTIFS($AK$3:$AK$98,$AK9,Y$3:Y$98,"<"&L9,Z$3:Z$98,">"&K9)+COUNTIFS($AK$3:$AK$98,$AK9,AA$3:AA$98,"<"&L9,AB$3:AB$98,">"&K9)+COUNTIFS($AK$3:$AK$98,$AK9,AC$3:AC$98,"<"&L9,AD$3:AD$98,">"&K9)+COUNTIFS($AK$3:$AK$98,$AK9,AE$3:AE$98,"<"&L9,AF$3:AF$98,">"&K9)+COUNTIFS($AK$3:$AK$98,$AK9,AG$3:AG$98,"<"&L9,AH$3:AH$98,">"&K9)-(K9<L9)) -> 0 | AR9: =AQ9 -> 0 | AS9: =IF(OR($AK9="",M9="",N9=""),0,COUNTIFS($AK$3:$AK$98,$AK9,K$3:K$98,"<"&N9,L$3:L$98,">"&M9)+COUNTIFS($AK$3:$AK$98,$AK9,M$3:M$98,"<"&N9,N$3:N$98,">"&M9)+COUNTIFS($AK$3:$AK$98,$AK9,O$3:O$98,"<"&N9,P$3:P$98,">"&M9)+COUNTIFS($AK$3:$AK$98,$AK9,Q$3:Q$98,"<"&N9,R$3:R$98,">"&M9)+COUNTIFS($AK$3:$AK$98,$AK9,S$3:S$98,"<"&N9,T$3:T$98,">"&M9)+COUNTIFS($AK$3:$AK$98,$AK9,U$3:U$98,"<"&N9,V$3:V$98,">"&M9)+COUNTIFS($AK$3:$AK$98,$AK9,W$3:W$98,"<"&N9,X$3:X$98,">"&M9)+COUNTIFS($AK$3:$AK$98,$AK9,Y$3:Y$98,"<"&N9,Z$3:Z$98,">"&M9)+COUNTIFS($AK$3:$AK$98,$AK9,AA$3:AA$98,"<"&N9,AB$3:AB$98,">"&M9)+COUNTIFS($AK$3:$AK$98,$AK9,AC$3:AC$98,"<"&N9,AD$3:AD$98,">"&M9)+COUNTIFS($AK$3:$AK$98,$AK9,AE$3:AE$98,"<"&N9,AF$3:AF$98,">"&M9)+COUNTIFS($AK$3:$AK$98,$AK9,AG$3:AG$98,"<"&N9,AH$3:AH$98,">"&M9)-(M9<N9)) -> 0 | AT9: =AS9 -> 0 | AU9: =IF(OR($AK9="",O9="",P9=""),0,COUNTIFS($AK$3:$AK$98,$AK9,K$3:K$98,"<"&P9,L$3:L$98,">"&O9)+COUNTIFS($AK$3:$AK$98,$AK9,M$3:M$98,"<"&P9,N$3:N$98,">"&O9)+COUNTIFS($AK$3:$AK$98,$AK9,O$3:O$98,"<"&P9,P$3:P$98,">"&O9)+COUNTIFS($AK$3:$AK$98,$AK9,Q$3:Q$98,"<"&P9,R$3:R$98,">"&O9)+COUNTIFS($AK$3:$AK$98,$AK9,S$3:S$98,"<"&P9,T$3:T$98,">"&O9)+COUNTIFS($AK$3:$AK$98,$AK9,U$3:U$98,"<"&P9,V$3:V$98,">"&O9)+COUNTIFS($AK$3:$AK$98,$AK9,W$3:W$98,"<"&P9,X$3:X$98,">"&O9)+COUNTIFS($AK$3:$AK$98,$AK9,Y$3:Y$98,"<"&P9,Z$3:Z$98,">"&O9)+COUNTIFS($AK$3:$AK$98,$AK9,AA$3:AA$98,"<"&P9,AB$3:AB$98,">"&O9)+COUNTIFS($AK$3:$AK$98,$AK9,AC$3:AC$98,"<"&P9,AD$3:AD$98,">"&O9)+COUNTIFS($AK$3:$AK$98,$AK9,AE$3:AE$98,"<"&P9,AF$3:AF$98,">"&O9)+COUNTIFS($AK$3:$AK$98,$AK9,AG$3:AG$98,"<"&P9,AH$3:AH$98,">"&O9)-(O9<P9)) -> 0 | AV9: =AU9 -> 0 | AW9: =IF(OR($AK9="",Q9="",R9=""),0,COUNTIFS($AK$3:$AK$98,$AK9,K$3:K$98,"<"&R9,L$3:L$98,">"&Q9)+COUNTIFS($AK$3:$AK$98,$AK9,M$3:M$98,"<"&R9,N$3:N$98,">"&Q9)+COUNTIFS($AK$3:$AK$98,$AK9,O$3:O$98,"<"&R9,P$3:P$98,">"&Q9)+COUNTIFS($AK$3:$AK$98,$AK9,Q$3:Q$98,"<"&R9,R$3:R$98,">"&Q9)+COUNTIFS($AK$3:$AK$98,$AK9,S$3:S$98,"<"&R9,T$3:T$98,">"&Q9)+COUNTIFS($AK$3:$AK$98,$AK9,U$3:U$98,"<"&R9,V$3:V$98,">"&Q9)+COUNTIFS($AK$3:$AK$98,$AK9,W$3:W$98,"<"&R9,X$3:X$98,">"&Q9)+COUNTIFS($AK$3:$AK$98,$AK9,Y$3:Y$98,"<"&R9,Z$3:Z$98,">"&Q9)+COUNTIFS($AK$3:$AK$98,$AK9,AA$3:AA$98,"<"&R9,AB$3:AB$98,">"&Q9)+COUNTIFS($AK$3:$AK$98,$AK9,AC$3:AC$98,"<"&R9,AD$3:AD$98,">"&Q9)+COUNTIFS($AK$3:$AK$98,$AK9,AE$3:AE$98,"<"&R9,AF$3:AF$98,">"&Q9)+COUNTIFS($AK$3:$AK$98,$AK9,AG$3:AG$98,"<"&R9,AH$3:AH$98,">"&Q9)-(Q9<R9)) -> 0 | AX9: =AW9 -> 0 | AY9: =IF(OR($AK9="",S9="",T9=""),0,COUNTIFS($AK$3:$AK$98,$AK9,K$3:K$98,"<"&T9,L$3:L$98,">"&S9)+COUNTIFS($AK$3:$AK$98,$AK9,M$3:M$98,"<"&T9,N$3:N$98,">"&S9)+COUNTIFS($AK$3:$AK$98,$AK9,O$3:O$98,"<"&T9,P$3:P$98,">"&S9)+COUNTIFS($AK$3:$AK$98,$AK9,Q$3:Q$98,"<"&T9,R$3:R$98,">"&S9)+COUNTIFS($AK$3:$AK$98,$AK9,S$3:S$98,"<"&T9,T$3:T$98,">"&S9)+COUNTIFS($AK$3:$AK$98,$AK9,U$3:U$98,"<"&T9,V$3:V$98,">"&S9)+COUNTIFS($AK$3:$AK$98,$AK9,W$3:W$98,"<"&T9,X$3:X$98,">"&S9)+COUNTIFS($AK$3:$AK$98,$AK9,Y$3:Y$98,"<"&T9,Z$3:Z$98,">"&S9)+COUNTIFS($AK$3:$AK$98,$AK9,AA$3:AA$98,"<"&T9,AB$3:AB$98,">"&S9)+COUNTIFS($AK$3:$AK$98,$AK9,AC$3:AC$98,"<"&T9,AD$3:AD$98,">"&S9)+COUNTIFS($AK$3:$AK$98,$AK9,AE$3:AE$98,"<"&T9,AF$3:AF$98,">"&S9)+COUNTIFS($AK$3:$AK$98,$AK9,AG$3:AG$98,"<"&T9,AH$3:AH$98,">"&S9)-(S9<T9)) -> 0 | AZ9: =AY9 -> 0 | BA9: =IF(OR($AK9="",U9="",V9=""),0,COUNTIFS($AK$3:$AK$98,$AK9,K$3:K$98,"<"&V9,L$3:L$98,">"&U9)+COUNTIFS($AK$3:$AK$98,$AK9,M$3:M$98,"<"&V9,N$3:N$98,">"&U9)+COUNTIFS($AK$3:$AK$98,$AK9,O$3:O$98,"<"&V9,P$3:P$98,">"&U9)+COUNTIFS($AK$3:$AK$98,$AK9,Q$3:Q$98,"<"&V9,R$3:R$98,">"&U9)+COUNTIFS($AK$3:$AK$98,$AK9,S$3:S$98,"<"&V9,T$3:T$98,">"&U9)+COUNTIFS($AK$3:$AK$98,$AK9,U$3:U$98,"<"&V9,V$3:V$98,">"&U9)+COUNTIFS($AK$3:$AK$98,$AK9,W$3:W$98,"<"&V9,X$3:X$98,">"&U9)+COUNTIFS($AK$3:$AK$98,$AK9,Y$3:Y$98,"<"&V9,Z$3:Z$98,">"&U9)+COUNTIFS($AK$3:$AK$98,$AK9,AA$3:AA$98,"<"&V9,AB$3:AB$98,">"&U9)+COUNTIFS($AK$3:$AK$98,$AK9,AC$3:AC$98,"<"&V9,AD$3:AD$98,">"&U9)+COUNTIFS($AK$3:$AK$98,$AK9,AE$3:AE$98,"<"&V9,AF$3:AF$98,">"&U9)+COUNTIFS($AK$3:$AK$98,$AK9,AG$3:AG$98,"<"&V9,AH$3:AH$98,">"&U9)-(U9<V9)) -> 0 | BB9: =BA9 -> 0 | BC9: =IF(OR($AK9="",W9="",X9=""),0,COUNTIFS($AK$3:$AK$98,$AK9,K$3:K$98,"<"&X9,L$3:L$98,">"&W9)+COUNTIFS($AK$3:$AK$98,$AK9,M$3:M$98,"<"&X9,N$3:N$98,">"&W9)+COUNTIFS($AK$3:$AK$98,$AK9,O$3:O$98,"<"&X9,P$3:P$98,">"&W9)+COUNTIFS($AK$3:$AK$98,$AK9,Q$3:Q$98,"<"&X9,R$3:R$98,">"&W9)+COUNTIFS($AK$3:$AK$98,$AK9,S$3:S$98,"<"&X9,T$3:T$98,">"&W9)+COUNTIFS($AK$3:$AK$98,$AK9,U$3:U$98,"<"&X9,V$3:V$98,">"&W9)+COUNTIFS($AK$3:$AK$98,$AK9,W$3:W$98,"<"&X9,X$3:X$98,">"&W9)+COUNTIFS($AK$3:$AK$98,$AK9,Y$3:Y$98,"<"&X9,Z$3:Z$98,">"&W9)+COUNTIFS($AK$3:$AK$98,$AK9,AA$3:AA$98,"<"&X9,AB$3:AB$98,">"&W9)+COUNTIFS($AK$3:$AK$98,$AK9,AC$3:AC$98,"<"&X9,AD$3:AD$98,">"&W9)+COUNTIFS($AK$3:$AK$98,$AK9,AE$3:AE$98,"<"&X9,AF$3:AF$98,">"&W9)+COUNTIFS($AK$3:$AK$98,$AK9,AG$3:AG$98,"<"&X9,AH$3:AH$98,">"&W9)-(W9<X9)) -> 0 | BD9: =BC9 -> 0 | BE9: =IF(OR($AK9="",Y9="",Z9=""),0,COUNTIFS($AK$3:$AK$98,$AK9,K$3:K$98,"<"&Z9,L$3:L$98,">"&Y9)+COUNTIFS($AK$3:$AK$98,$AK9,M$3:M$98,"<"&Z9,N$3:N$98,">"&Y9)+COUNTIFS($AK$3:$AK$98,$AK9,O$3:O$98,"<"&Z9,P$3:P$98,">"&Y9)+COUNTIFS($AK$3:$AK$98,$AK9,Q$3:Q$98,"<"&Z9,R$3:R$98,">"&Y9)+COUNTIFS($AK$3:$AK$98,$AK9,S$3:S$98,"<"&Z9,T$3:T$98,">"&Y9)+COUNTIFS($AK$3:$AK$98,$AK9,U$3:U$98,"<"&Z9,V$3:V$98,">"&Y9)+COUNTIFS($AK$3:$AK$98,$AK9,W$3:W$98,"<"&Z9,X$3:X$98,">"&Y9)+COUNTIFS($AK$3:$AK$98,$AK9,Y$3:Y$98,"<"&Z9,Z$3:Z$98,">"&Y9)+COUNTIFS($AK$3:$AK$98,$AK9,AA$3:AA$98,"<"&Z9,AB$3:AB$98,">"&Y9)+COUNTIFS($AK$3:$AK$98,$AK9,AC$3:AC$98,"<"&Z9,AD$3:AD$98,">"&Y9)+COUNTIFS($AK$3:$AK$98,$AK9,AE$3:AE$98,"<"&Z9,AF$3:AF$98,">"&Y9)+COUNTIFS($AK$3:$AK$98,$AK9,AG$3:AG$98,"<"&Z9,AH$3:AH$98,">"&Y9)-(Y9<Z9)) -> 0 | BF9: =BE9 -> 0 | BG9: =IF(OR($AK9="",AA9="",AB9=""),0,COUNTIFS($AK$3:$AK$98,$AK9,K$3:K$98,"<"&AB9,L$3:L$98,">"&AA9)+COUNTIFS($AK$3:$AK$98,$AK9,M$3:M$98,"<"&AB9,N$3:N$98,">"&AA9)+COUNTIFS($AK$3:$AK$98,$AK9,O$3:O$98,"<"&AB9,P$3:P$98,">"&AA9)+COUNTIFS($AK$3:$AK$98,$AK9,Q$3:Q$98,"<"&AB9,R$3:R$98,">"&AA9)+COUNTIFS($AK$3:$AK$98,$AK9,S$3:S$98,"<"&AB9,T$3:T$98,">"&AA9)+COUNTIFS($AK$3:$AK$98,$AK9,U$3:U$98,"<"&AB9,V$3:V$98,">"&AA9)+COUNTIFS($AK$3:$AK$98,$AK9,W$3:W$98,"<"&AB9,X$3:X$98,">"&AA9)+COUNTIFS($AK$3:$AK$98,$AK9,Y$3:Y$98,"<"&AB9,Z$3:Z$98,">"&AA9)+COUNTIFS($AK$3:$AK$98,$AK9,AA$3:AA$98,"<"&AB9,AB$3:AB$98,">"&AA9)+COUNTIFS($AK$3:$AK$98,$AK9,AC$3:AC$98,"<"&AB9,AD$3:AD$98,">"&AA9)+COUNTIFS($AK$3:$AK$98,$AK9,AE$3:AE$98,"<"&AB9,AF$3:AF$98,">"&AA9)+COUNTIFS($AK$3:$AK$98,$AK9,AG$3:AG$98,"<"&AB9,AH$3:AH$98,">"&AA9)-(AA9<AB9)) -> 0 | BH9: =BG9 -> 0 | BI9: =IF(OR($AK9="",AC9="",AD9=""),0,COUNTIFS($AK$3:$AK$98,$AK9,K$3:K$98,"<"&AD9,L$3:L$98,">"&AC9)+COUNTIFS($AK$3:$AK$98,$AK9,M$3:M$98,"<"&AD9,N$3:N$98,">"&AC9)+COUNTIFS($AK$3:$AK$98,$AK9,O$3:O$98,"<"&AD9,P$3:P$98,">"&AC9)+COUNTIFS($AK$3:$AK$98,$AK9,Q$3:Q$98,"<"&AD9,R$3:R$98,">"&AC9)+COUNTIFS($AK$3:$AK$98,$AK9,S$3:S$98,"<"&AD9,T$3:T$98,">"&AC9)+COUNTIFS($AK$3:$AK$98,$AK9,U$3:U$98,"<"&AD9,V$3:V$98,">"&AC9)+COUNTIFS($AK$3:$AK$98,$AK9,W$3:W$98,"<"&AD9,X$3:X$98,">"&AC9)+COUNTIFS($AK$3:$AK$98,$AK9,Y$3:Y$98,"<"&AD9,Z$3:Z$98,">"&AC9)+COUNTIFS($AK$3:$AK$98,$AK9,AA$3:AA$98,"<"&AD9,AB$3:AB$98,">"&AC9)+COUNTIFS($AK$3:$AK$98,$AK9,AC$3:AC$98,"<"&AD9,AD$3:AD$98,">"&AC9)+COUNTIFS($AK$3:$AK$98,$AK9,AE$3:AE$98,"<"&AD9,AF$3:AF$98,">"&AC9)+COUNTIFS($AK$3:$AK$98,$AK9,AG$3:AG$98,"<"&AD9,AH$3:AH$98,">"&AC9)-(AC9<AD9)) -> 0 | BJ9: =BI9 -> 0 | BK9: =IF(OR($AK9="",AE9="",AF9=""),0,COUNTIFS($AK$3:$AK$98,$AK9,K$3:K$98,"<"&AF9,L$3:L$98,">"&AE9)+COUNTIFS($AK$3:$AK$98,$AK9,M$3:M$98,"<"&AF9,N$3:N$98,">"&AE9)+COUNTIFS($AK$3:$AK$98,$AK9,O$3:O$98,"<"&AF9,P$3:P$98,">"&AE9)+COUNTIFS($AK$3:$AK$98,$AK9,Q$3:Q$98,"<"&AF9,R$3:R$98,">"&AE9)+COUNTIFS($AK$3:$AK$98,$AK9,S$3:S$98,"<"&AF9,T$3:T$98,">"&AE9)+COUNTIFS($AK$3:$AK$98,$AK9,U$3:U$98,"<"&AF9,V$3:V$98,">"&AE9)+COUNTIFS($AK$3:$AK$98,$AK9,W$3:W$98,"<"&AF9,X$3:X$98,">"&AE9)+COUNTIFS($AK$3:$AK$98,$AK9,Y$3:Y$98,"<"&AF9,Z$3:Z$98,">"&AE9)+COUNTIFS($AK$3:$AK$98,$AK9,AA$3:AA$98,"<"&AF9,AB$3:AB$98,">"&AE9)+COUNTIFS($AK$3:$AK$98,$AK9,AC$3:AC$98,"<"&AF9,AD$3:AD$98,">"&AE9)+COUNTIFS($AK$3:$AK$98,$AK9,AE$3:AE$98,"<"&AF9,AF$3:AF$98,">"&AE9)+COUNTIFS($AK$3:$AK$98,$AK9,AG$3:AG$98,"<"&AF9,AH$3:AH$98,">"&AE9)-(AE9<AF9)) -> 0 | BL9: =BK9 -> 0 | BM9: =IF(OR($AK9="",AG9="",AH9=""),0,COUNTIFS($AK$3:$AK$98,$AK9,K$3:K$98,"<"&AH9,L$3:L$98,">"&AG9)+COUNTIFS($AK$3:$AK$98,$AK9,M$3:M$98,"<"&AH9,N$3:N$98,">"&AG9)+COUNTIFS($AK$3:$AK$98,$AK9,O$3:O$98,"<"&AH9,P$3:P$98,">"&AG9)+COUNTIFS($AK$3:$AK$98,$AK9,Q$3:Q$98,"<"&AH9,R$3:R$98,">"&AG9)+COUNTIFS($AK$3:$AK$98,$AK9,S$3:S$98,"<"&AH9,T$3:T$98,">"&AG9)+COUNTIFS($AK$3:$AK$98,$AK9,U$3:U$98,"<"&AH9,V$3:V$98,">"&AG9)+COUNTIFS($AK$3:$AK$98,$AK9,W$3:W$98,"<"&AH9,X$3:X$98,">"&AG9)+COUNTIFS($AK$3:$AK$98,$AK9,Y$3:Y$98,"<"&AH9,Z$3:Z$98,">"&AG9)+COUNTIFS($AK$3:$AK$98,$AK9,AA$3:AA$98,"<"&AH9,AB$3:AB$98,">"&AG9)+COUNTIFS($AK$3:$AK$98,$AK9,AC$3:AC$98,"<"&AH9,AD$3:AD$98,">"&AG9)+COUNTIFS($AK$3:$AK$98,$AK9,AE$3:AE$98,"<"&AH9,AF$3:AF$98,">"&AG9)+COUNTIFS($AK$3:$AK$98,$AK9,AG$3:AG$98,"<"&AH9,AH$3:AH$98,">"&AG9)-(AG9<AH9)) -> 0 | BN9: =BM9 -> 0 | BO9: =IF(ISNUMBER($G9),$G9,"") -> 0.4 | BP9: =IF(AND($A9<>"",COUNT($K9:$AH9)>0),ROW(),"") -> 9
A10: =IF($A8="","",$A8) -> chHondawaraA | B10: =IF($A8="","","high") -> high | D10: 12 | E10: =IF(AND($D10="",COUNT($K10:$AH10)=0),"",IF(K10="",0,MAX(0,NETWORKDAYS(K10,IF(L10<>"",L10,IF($J10<>"",K10,$AI$1)),祝日!$A$2:$A$200)))+IF(M10="",0,MAX(0,NETWORKDAYS(M10,IF(N10<>"",N10,IF($J10<>"",M10,$AI$1)),祝日!$A$2:$A$200)))+IF(O10="",0,MAX(0,NETWORKDAYS(O10,IF(P10<>"",P10,IF($J10<>"",O10,$AI$1)),祝日!$A$2:$A$200)))+IF(Q10="",0,MAX(0,NETWORKDAYS(Q10,IF(R10<>"",R10,IF($J10<>"",Q10,$AI$1)),祝日!$A$2:$A$200)))+IF(S10="",0,MAX(0,NETWORKDAYS(S10,IF(T10<>"",T10,IF($J10<>"",S10,$AI$1)),祝日!$A$2:$A$200)))+IF(U10="",0,MAX(0,NETWORKDAYS(U10,IF(V10<>"",V10,IF($J10<>"",U10,$AI$1)),祝日!$A$2:$A$200)))+IF(W10="",0,MAX(0,NETWORKDAYS(W10,IF(X10<>"",X10,IF($J10<>"",W10,$AI$1)),祝日!$A$2:$A$200)))+IF(Y10="",0,MAX(0,NETWORKDAYS(Y10,IF(Z10<>"",Z10,IF($J10<>"",Y10,$AI$1)),祝日!$A$2:$A$200)))+IF(AA10="",0,MAX(0,NETWORKDAYS(AA10,IF(AB10<>"",AB10,IF($J10<>"",AA10,$AI$1)),祝日!$A$2:$A$200)))+IF(AC10="",0,MAX(0,NETWORKDAYS(AC10,IF(AD10<>"",AD10,IF($J10<>"",AC10,$AI$1)),祝日!$A$2:$A$200)))+IF(AE10="",0,MAX(0,NETWORKDAYS(AE10,IF(AF10<>"",AF10,IF($J10<>"",AE10,$AI$1)),祝日!$A$2:$A$200)))+IF(AG10="",0,MAX(0,NETWORKDAYS(AG10,IF(AH10<>"",AH10,IF($J10<>"",AG10,$AI$1)),祝日!$A$2:$A$200)))) -> 0 | F10: =IF($D10="","",$D10-$E10) -> 12 | G10: =IF(OR($D10="",$D10=0),"",$E10/$D10) -> 0 | H10: =IF($D10="","",IF($J10<>"","FIX",IF(AND(SUMPRODUCT((MOD(COLUMN($K10:$AH10)-COLUMN($K10),2)=0)*($K10:$AH10<>""))=0,SUMPRODUCT((MOD(COLUMN($K10:$AH10)-COLUMN($K10),2)=1)*($K10:$AH10<>""))=0),"未着手",IF(SUMPRODUCT((MOD(COLUMN($K10:$AH10)-COLUMN($K10),2)=0)*($K10:$AH10<>""))>SUMPRODUCT((MOD(COLUMN($K10:$AH10)-COLUMN($K10),2)=1)*($K10:$AH10<>"")),"作業中","中断")))) -> 未着手 | I10: =IF($H10="中断",MAX(0,$AI$1-MAX(L10,N10,P10,R10,T10,V10,X10,Z10,AB10,AD10,AF10,AH10)),"") | AK10: =IF($A8="","",IF(LOOKUP(2,1/($AJ$3:$AJ10<>""),$AJ$3:$AJ10)="-","",LOOKUP(2,1/($AJ$3:$AJ10<>""),$AJ$3:$AJ10))) -> CH01 | AL10: =$H10 -> 未着手 | AM10: =IF(ISNUMBER($D10),$D10,0) -> 12 | AN10: =IF(ISNUMBER($E10),$E10,0) -> 0 | AO10: =IF(ISNUMBER($F10),$F10,0) -> 12 | AQ10: =IF(OR($AK10="",K10="",L10=""),0,COUNTIFS($AK$3:$AK$98,$AK10,K$3:K$98,"<"&L10,L$3:L$98,">"&K10)+COUNTIFS($AK$3:$AK$98,$AK10,M$3:M$98,"<"&L10,N$3:N$98,">"&K10)+COUNTIFS($AK$3:$AK$98,$AK10,O$3:O$98,"<"&L10,P$3:P$98,">"&K10)+COUNTIFS($AK$3:$AK$98,$AK10,Q$3:Q$98,"<"&L10,R$3:R$98,">"&K10)+COUNTIFS($AK$3:$AK$98,$AK10,S$3:S$98,"<"&L10,T$3:T$98,">"&K10)+COUNTIFS($AK$3:$AK$98,$AK10,U$3:U$98,"<"&L10,V$3:V$98,">"&K10)+COUNTIFS($AK$3:$AK$98,$AK10,W$3:W$98,"<"&L10,X$3:X$98,">"&K10)+COUNTIFS($AK$3:$AK$98,$AK10,Y$3:Y$98,"<"&L10,Z$3:Z$98,">"&K10)+COUNTIFS($AK$3:$AK$98,$AK10,AA$3:AA$98,"<"&L10,AB$3:AB$98,">"&K10)+COUNTIFS($AK$3:$AK$98,$AK10,AC$3:AC$98,"<"&L10,AD$3:AD$98,">"&K10)+COUNTIFS($AK$3:$AK$98,$AK10,AE$3:AE$98,"<"&L10,AF$3:AF$98,">"&K10)+COUNTIFS($AK$3:$AK$98,$AK10,AG$3:AG$98,"<"&L10,AH$3:AH$98,">"&K10)-(K10<L10)) -> 0 | AR10: =AQ10 -> 0 | AS10: =IF(OR($AK10="",M10="",N10=""),0,COUNTIFS($AK$3:$AK$98,$AK10,K$3:K$98,"<"&N10,L$3:L$98,">"&M10)+COUNTIFS($AK$3:$AK$98,$AK10,M$3:M$98,"<"&N10,N$3:N$98,">"&M10)+COUNTIFS($AK$3:$AK$98,$AK10,O$3:O$98,"<"&N10,P$3:P$98,">"&M10)+COUNTIFS($AK$3:$AK$98,$AK10,Q$3:Q$98,"<"&N10,R$3:R$98,">"&M10)+COUNTIFS($AK$3:$AK$98,$AK10,S$3:S$98,"<"&N10,T$3:T$98,">"&M10)+COUNTIFS($AK$3:$AK$98,$AK10,U$3:U$98,"<"&N10,V$3:V$98,">"&M10)+COUNTIFS($AK$3:$AK$98,$AK10,W$3:W$98,"<"&N10,X$3:X$98,">"&M10)+COUNTIFS($AK$3:$AK$98,$AK10,Y$3:Y$98,"<"&N10,Z$3:Z$98,">"&M10)+COUNTIFS($AK$3:$AK$98,$AK10,AA$3:AA$98,"<"&N10,AB$3:AB$98,">"&M10)+COUNTIFS($AK$3:$AK$98,$AK10,AC$3:AC$98,"<"&N10,AD$3:AD$98,">"&M10)+COUNTIFS($AK$3:$AK$98,$AK10,AE$3:AE$98,"<"&N10,AF$3:AF$98,">"&M10)+COUNTIFS($AK$3:$AK$98,$AK10,AG$3:AG$98,"<"&N10,AH$3:AH$98,">"&M10)-(M10<N10)) -> 0 | AT10: =AS10 -> 0 | AU10: =IF(OR($AK10="",O10="",P10=""),0,COUNTIFS($AK$3:$AK$98,$AK10,K$3:K$98,"<"&P10,L$3:L$98,">"&O10)+COUNTIFS($AK$3:$AK$98,$AK10,M$3:M$98,"<"&P10,N$3:N$98,">"&O10)+COUNTIFS($AK$3:$AK$98,$AK10,O$3:O$98,"<"&P10,P$3:P$98,">"&O10)+COUNTIFS($AK$3:$AK$98,$AK10,Q$3:Q$98,"<"&P10,R$3:R$98,">"&O10)+COUNTIFS($AK$3:$AK$98,$AK10,S$3:S$98,"<"&P10,T$3:T$98,">"&O10)+COUNTIFS($AK$3:$AK$98,$AK10,U$3:U$98,"<"&P10,V$3:V$98,">"&O10)+COUNTIFS($AK$3:$AK$98,$AK10,W$3:W$98,"<"&P10,X$3:X$98,">"&O10)+COUNTIFS($AK$3:$AK$98,$AK10,Y$3:Y$98,"<"&P10,Z$3:Z$98,">"&O10)+COUNTIFS($AK$3:$AK$98,$AK10,AA$3:AA$98,"<"&P10,AB$3:AB$98,">"&O10)+COUNTIFS($AK$3:$AK$98,$AK10,AC$3:AC$98,"<"&P10,AD$3:AD$98,">"&O10)+COUNTIFS($AK$3:$AK$98,$AK10,AE$3:AE$98,"<"&P10,AF$3:AF$98,">"&O10)+COUNTIFS($AK$3:$AK$98,$AK10,AG$3:AG$98,"<"&P10,AH$3:AH$98,">"&O10)-(O10<P10)) -> 0 | AV10: =AU10 -> 0 | AW10: =IF(OR($AK10="",Q10="",R10=""),0,COUNTIFS($AK$3:$AK$98,$AK10,K$3:K$98,"<"&R10,L$3:L$98,">"&Q10)+COUNTIFS($AK$3:$AK$98,$AK10,M$3:M$98,"<"&R10,N$3:N$98,">"&Q10)+COUNTIFS($AK$3:$AK$98,$AK10,O$3:O$98,"<"&R10,P$3:P$98,">"&Q10)+COUNTIFS($AK$3:$AK$98,$AK10,Q$3:Q$98,"<"&R10,R$3:R$98,">"&Q10)+COUNTIFS($AK$3:$AK$98,$AK10,S$3:S$98,"<"&R10,T$3:T$98,">"&Q10)+COUNTIFS($AK$3:$AK$98,$AK10,U$3:U$98,"<"&R10,V$3:V$98,">"&Q10)+COUNTIFS($AK$3:$AK$98,$AK10,W$3:W$98,"<"&R10,X$3:X$98,">"&Q10)+COUNTIFS($AK$3:$AK$98,$AK10,Y$3:Y$98,"<"&R10,Z$3:Z$98,">"&Q10)+COUNTIFS($AK$3:$AK$98,$AK10,AA$3:AA$98,"<"&R10,AB$3:AB$98,">"&Q10)+COUNTIFS($AK$3:$AK$98,$AK10,AC$3:AC$98,"<"&R10,AD$3:AD$98,">"&Q10)+COUNTIFS($AK$3:$AK$98,$AK10,AE$3:AE$98,"<"&R10,AF$3:AF$98,">"&Q10)+COUNTIFS($AK$3:$AK$98,$AK10,AG$3:AG$98,"<"&R10,AH$3:AH$98,">"&Q10)-(Q10<R10)) -> 0 | AX10: =AW10 -> 0 | AY10: =IF(OR($AK10="",S10="",T10=""),0,COUNTIFS($AK$3:$AK$98,$AK10,K$3:K$98,"<"&T10,L$3:L$98,">"&S10)+COUNTIFS($AK$3:$AK$98,$AK10,M$3:M$98,"<"&T10,N$3:N$98,">"&S10)+COUNTIFS($AK$3:$AK$98,$AK10,O$3:O$98,"<"&T10,P$3:P$98,">"&S10)+COUNTIFS($AK$3:$AK$98,$AK10,Q$3:Q$98,"<"&T10,R$3:R$98,">"&S10)+COUNTIFS($AK$3:$AK$98,$AK10,S$3:S$98,"<"&T10,T$3:T$98,">"&S10)+COUNTIFS($AK$3:$AK$98,$AK10,U$3:U$98,"<"&T10,V$3:V$98,">"&S10)+COUNTIFS($AK$3:$AK$98,$AK10,W$3:W$98,"<"&T10,X$3:X$98,">"&S10)+COUNTIFS($AK$3:$AK$98,$AK10,Y$3:Y$98,"<"&T10,Z$3:Z$98,">"&S10)+COUNTIFS($AK$3:$AK$98,$AK10,AA$3:AA$98,"<"&T10,AB$3:AB$98,">"&S10)+COUNTIFS($AK$3:$AK$98,$AK10,AC$3:AC$98,"<"&T10,AD$3:AD$98,">"&S10)+COUNTIFS($AK$3:$AK$98,$AK10,AE$3:AE$98,"<"&T10,AF$3:AF$98,">"&S10)+COUNTIFS($AK$3:$AK$98,$AK10,AG$3:AG$98,"<"&T10,AH$3:AH$98,">"&S10)-(S10<T10)) -> 0 | AZ10: =AY10 -> 0 | BA10: =IF(OR($AK10="",U10="",V10=""),0,COUNTIFS($AK$3:$AK$98,$AK10,K$3:K$98,"<"&V10,L$3:L$98,">"&U10)+COUNTIFS($AK$3:$AK$98,$AK10,M$3:M$98,"<"&V10,N$3:N$98,">"&U10)+COUNTIFS($AK$3:$AK$98,$AK10,O$3:O$98,"<"&V10,P$3:P$98,">"&U10)+COUNTIFS($AK$3:$AK$98,$AK10,Q$3:Q$98,"<"&V10,R$3:R$98,">"&U10)+COUNTIFS($AK$3:$AK$98,$AK10,S$3:S$98,"<"&V10,T$3:T$98,">"&U10)+COUNTIFS($AK$3:$AK$98,$AK10,U$3:U$98,"<"&V10,V$3:V$98,">"&U10)+COUNTIFS($AK$3:$AK$98,$AK10,W$3:W$98,"<"&V10,X$3:X$98,">"&U10)+COUNTIFS($AK$3:$AK$98,$AK10,Y$3:Y$98,"<"&V10,Z$3:Z$98,">"&U10)+COUNTIFS($AK$3:$AK$98,$AK10,AA$3:AA$98,"<"&V10,AB$3:AB$98,">"&U10)+COUNTIFS($AK$3:$AK$98,$AK10,AC$3:AC$98,"<"&V10,AD$3:AD$98,">"&U10)+COUNTIFS($AK$3:$AK$98,$AK10,AE$3:AE$98,"<"&V10,AF$3:AF$98,">"&U10)+COUNTIFS($AK$3:$AK$98,$AK10,AG$3:AG$98,"<"&V10,AH$3:AH$98,">"&U10)-(U10<V10)) -> 0 | BB10: =BA10 -> 0 | BC10: =IF(OR($AK10="",W10="",X10=""),0,COUNTIFS($AK$3:$AK$98,$AK10,K$3:K$98,"<"&X10,L$3:L$98,">"&W10)+COUNTIFS($AK$3:$AK$98,$AK10,M$3:M$98,"<"&X10,N$3:N$98,">"&W10)+COUNTIFS($AK$3:$AK$98,$AK10,O$3:O$98,"<"&X10,P$3:P$98,">"&W10)+COUNTIFS($AK$3:$AK$98,$AK10,Q$3:Q$98,"<"&X10,R$3:R$98,">"&W10)+COUNTIFS($AK$3:$AK$98,$AK10,S$3:S$98,"<"&X10,T$3:T$98,">"&W10)+COUNTIFS($AK$3:$AK$98,$AK10,U$3:U$98,"<"&X10,V$3:V$98,">"&W10)+COUNTIFS($AK$3:$AK$98,$AK10,W$3:W$98,"<"&X10,X$3:X$98,">"&W10)+COUNTIFS($AK$3:$AK$98,$AK10,Y$3:Y$98,"<"&X10,Z$3:Z$98,">"&W10)+COUNTIFS($AK$3:$AK$98,$AK10,AA$3:AA$98,"<"&X10,AB$3:AB$98,">"&W10)+COUNTIFS($AK$3:$AK$98,$AK10,AC$3:AC$98,"<"&X10,AD$3:AD$98,">"&W10)+COUNTIFS($AK$3:$AK$98,$AK10,AE$3:AE$98,"<"&X10,AF$3:AF$98,">"&W10)+COUNTIFS($AK$3:$AK$98,$AK10,AG$3:AG$98,"<"&X10,AH$3:AH$98,">"&W10)-(W10<X10)) -> 0 | BD10: =BC10 -> 0 | BE10: =IF(OR($AK10="",Y10="",Z10=""),0,COUNTIFS($AK$3:$AK$98,$AK10,K$3:K$98,"<"&Z10,L$3:L$98,">"&Y10)+COUNTIFS($AK$3:$AK$98,$AK10,M$3:M$98,"<"&Z10,N$3:N$98,">"&Y10)+COUNTIFS($AK$3:$AK$98,$AK10,O$3:O$98,"<"&Z10,P$3:P$98,">"&Y10)+COUNTIFS($AK$3:$AK$98,$AK10,Q$3:Q$98,"<"&Z10,R$3:R$98,">"&Y10)+COUNTIFS($AK$3:$AK$98,$AK10,S$3:S$98,"<"&Z10,T$3:T$98,">"&Y10)+COUNTIFS($AK$3:$AK$98,$AK10,U$3:U$98,"<"&Z10,V$3:V$98,">"&Y10)+COUNTIFS($AK$3:$AK$98,$AK10,W$3:W$98,"<"&Z10,X$3:X$98,">"&Y10)+COUNTIFS($AK$3:$AK$98,$AK10,Y$3:Y$98,"<"&Z10,Z$3:Z$98,">"&Y10)+COUNTIFS($AK$3:$AK$98,$AK10,AA$3:AA$98,"<"&Z10,AB$3:AB$98,">"&Y10)+COUNTIFS($AK$3:$AK$98,$AK10,AC$3:AC$98,"<"&Z10,AD$3:AD$98,">"&Y10)+COUNTIFS($AK$3:$AK$98,$AK10,AE$3:AE$98,"<"&Z10,AF$3:AF$98,">"&Y10)+COUNTIFS($AK$3:$AK$98,$AK10,AG$3:AG$98,"<"&Z10,AH$3:AH$98,">"&Y10)-(Y10<Z10)) -> 0 | BF10: =BE10 -> 0 | BG10: =IF(OR($AK10="",AA10="",AB10=""),0,COUNTIFS($AK$3:$AK$98,$AK10,K$3:K$98,"<"&AB10,L$3:L$98,">"&AA10)+COUNTIFS($AK$3:$AK$98,$AK10,M$3:M$98,"<"&AB10,N$3:N$98,">"&AA10)+COUNTIFS($AK$3:$AK$98,$AK10,O$3:O$98,"<"&AB10,P$3:P$98,">"&AA10)+COUNTIFS($AK$3:$AK$98,$AK10,Q$3:Q$98,"<"&AB10,R$3:R$98,">"&AA10)+COUNTIFS($AK$3:$AK$98,$AK10,S$3:S$98,"<"&AB10,T$3:T$98,">"&AA10)+COUNTIFS($AK$3:$AK$98,$AK10,U$3:U$98,"<"&AB10,V$3:V$98,">"&AA10)+COUNTIFS($AK$3:$AK$98,$AK10,W$3:W$98,"<"&AB10,X$3:X$98,">"&AA10)+COUNTIFS($AK$3:$AK$98,$AK10,Y$3:Y$98,"<"&AB10,Z$3:Z$98,">"&AA10)+COUNTIFS($AK$3:$AK$98,$AK10,AA$3:AA$98,"<"&AB10,AB$3:AB$98,">"&AA10)+COUNTIFS($AK$3:$AK$98,$AK10,AC$3:AC$98,"<"&AB10,AD$3:AD$98,">"&AA10)+COUNTIFS($AK$3:$AK$98,$AK10,AE$3:AE$98,"<"&AB10,AF$3:AF$98,">"&AA10)+COUNTIFS($AK$3:$AK$98,$AK10,AG$3:AG$98,"<"&AB10,AH$3:AH$98,">"&AA10)-(AA10<AB10)) -> 0 | BH10: =BG10 -> 0 | BI10: =IF(OR($AK10="",AC10="",AD10=""),0,COUNTIFS($AK$3:$AK$98,$AK10,K$3:K$98,"<"&AD10,L$3:L$98,">"&AC10)+COUNTIFS($AK$3:$AK$98,$AK10,M$3:M$98,"<"&AD10,N$3:N$98,">"&AC10)+COUNTIFS($AK$3:$AK$98,$AK10,O$3:O$98,"<"&AD10,P$3:P$98,">"&AC10)+COUNTIFS($AK$3:$AK$98,$AK10,Q$3:Q$98,"<"&AD10,R$3:R$98,">"&AC10)+COUNTIFS($AK$3:$AK$98,$AK10,S$3:S$98,"<"&AD10,T$3:T$98,">"&AC10)+COUNTIFS($AK$3:$AK$98,$AK10,U$3:U$98,"<"&AD10,V$3:V$98,">"&AC10)+COUNTIFS($AK$3:$AK$98,$AK10,W$3:W$98,"<"&AD10,X$3:X$98,">"&AC10)+COUNTIFS($AK$3:$AK$98,$AK10,Y$3:Y$98,"<"&AD10,Z$3:Z$98,">"&AC10)+COUNTIFS($AK$3:$AK$98,$AK10,AA$3:AA$98,"<"&AD10,AB$3:AB$98,">"&AC10)+COUNTIFS($AK$3:$AK$98,$AK10,AC$3:AC$98,"<"&AD10,AD$3:AD$98,">"&AC10)+COUNTIFS($AK$3:$AK$98,$AK10,AE$3:AE$98,"<"&AD10,AF$3:AF$98,">"&AC10)+COUNTIFS($AK$3:$AK$98,$AK10,AG$3:AG$98,"<"&AD10,AH$3:AH$98,">"&AC10)-(AC10<AD10)) -> 0 | BJ10: =BI10 -> 0 | BK10: =IF(OR($AK10="",AE10="",AF10=""),0,COUNTIFS($AK$3:$AK$98,$AK10,K$3:K$98,"<"&AF10,L$3:L$98,">"&AE10)+COUNTIFS($AK$3:$AK$98,$AK10,M$3:M$98,"<"&AF10,N$3:N$98,">"&AE10)+COUNTIFS($AK$3:$AK$98,$AK10,O$3:O$98,"<"&AF10,P$3:P$98,">"&AE10)+COUNTIFS($AK$3:$AK$98,$AK10,Q$3:Q$98,"<"&AF10,R$3:R$98,">"&AE10)+COUNTIFS($AK$3:$AK$98,$AK10,S$3:S$98,"<"&AF10,T$3:T$98,">"&AE10)+COUNTIFS($AK$3:$AK$98,$AK10,U$3:U$98,"<"&AF10,V$3:V$98,">"&AE10)+COUNTIFS($AK$3:$AK$98,$AK10,W$3:W$98,"<"&AF10,X$3:X$98,">"&AE10)+COUNTIFS($AK$3:$AK$98,$AK10,Y$3:Y$98,"<"&AF10,Z$3:Z$98,">"&AE10)+COUNTIFS($AK$3:$AK$98,$AK10,AA$3:AA$98,"<"&AF10,AB$3:AB$98,">"&AE10)+COUNTIFS($AK$3:$AK$98,$AK10,AC$3:AC$98,"<"&AF10,AD$3:AD$98,">"&AE10)+COUNTIFS($AK$3:$AK$98,$AK10,AE$3:AE$98,"<"&AF10,AF$3:AF$98,">"&AE10)+COUNTIFS($AK$3:$AK$98,$AK10,AG$3:AG$98,"<"&AF10,AH$3:AH$98,">"&AE10)-(AE10<AF10)) -> 0 | BL10: =BK10 -> 0 | BM10: =IF(OR($AK10="",AG10="",AH10=""),0,COUNTIFS($AK$3:$AK$98,$AK10,K$3:K$98,"<"&AH10,L$3:L$98,">"&AG10)+COUNTIFS($AK$3:$AK$98,$AK10,M$3:M$98,"<"&AH10,N$3:N$98,">"&AG10)+COUNTIFS($AK$3:$AK$98,$AK10,O$3:O$98,"<"&AH10,P$3:P$98,">"&AG10)+COUNTIFS($AK$3:$AK$98,$AK10,Q$3:Q$98,"<"&AH10,R$3:R$98,">"&AG10)+COUNTIFS($AK$3:$AK$98,$AK10,S$3:S$98,"<"&AH10,T$3:T$98,">"&AG10)+COUNTIFS($AK$3:$AK$98,$AK10,U$3:U$98,"<"&AH10,V$3:V$98,">"&AG10)+COUNTIFS($AK$3:$AK$98,$AK10,W$3:W$98,"<"&AH10,X$3:X$98,">"&AG10)+COUNTIFS($AK$3:$AK$98,$AK10,Y$3:Y$98,"<"&AH10,Z$3:Z$98,">"&AG10)+COUNTIFS($AK$3:$AK$98,$AK10,AA$3:AA$98,"<"&AH10,AB$3:AB$98,">"&AG10)+COUNTIFS($AK$3:$AK$98,$AK10,AC$3:AC$98,"<"&AH10,AD$3:AD$98,">"&AG10)+COUNTIFS($AK$3:$AK$98,$AK10,AE$3:AE$98,"<"&AH10,AF$3:AF$98,">"&AG10)+COUNTIFS($AK$3:$AK$98,$AK10,AG$3:AG$98,"<"&AH10,AH$3:AH$98,">"&AG10)-(AG10<AH10)) -> 0 | BN10: =BM10 -> 0 | BO10: =IF(ISNUMBER($G10),$G10,"") -> 0 | BP10: =IF(AND($A10<>"",COUNT($K10:$AH10)>0),ROW(),"")
A11: =IF($A8="","",$A8) -> chHondawaraA | B11: =IF($A8="","","fac") -> fac | D11: 8 | E11: =IF(AND($D11="",COUNT($K11:$AH11)=0),"",IF(K11="",0,MAX(0,NETWORKDAYS(K11,IF(L11<>"",L11,IF($J11<>"",K11,$AI$1)),祝日!$A$2:$A$200)))+IF(M11="",0,MAX(0,NETWORKDAYS(M11,IF(N11<>"",N11,IF($J11<>"",M11,$AI$1)),祝日!$A$2:$A$200)))+IF(O11="",0,MAX(0,NETWORKDAYS(O11,IF(P11<>"",P11,IF($J11<>"",O11,$AI$1)),祝日!$A$2:$A$200)))+IF(Q11="",0,MAX(0,NETWORKDAYS(Q11,IF(R11<>"",R11,IF($J11<>"",Q11,$AI$1)),祝日!$A$2:$A$200)))+IF(S11="",0,MAX(0,NETWORKDAYS(S11,IF(T11<>"",T11,IF($J11<>"",S11,$AI$1)),祝日!$A$2:$A$200)))+IF(U11="",0,MAX(0,NETWORKDAYS(U11,IF(V11<>"",V11,IF($J11<>"",U11,$AI$1)),祝日!$A$2:$A$200)))+IF(W11="",0,MAX(0,NETWORKDAYS(W11,IF(X11<>"",X11,IF($J11<>"",W11,$AI$1)),祝日!$A$2:$A$200)))+IF(Y11="",0,MAX(0,NETWORKDAYS(Y11,IF(Z11<>"",Z11,IF($J11<>"",Y11,$AI$1)),祝日!$A$2:$A$200)))+IF(AA11="",0,MAX(0,NETWORKDAYS(AA11,IF(AB11<>"",AB11,IF($J11<>"",AA11,$AI$1)),祝日!$A$2:$A$200)))+IF(AC11="",0,MAX(0,NETWORKDAYS(AC11,IF(AD11<>"",AD11,IF($J11<>"",AC11,$AI$1)),祝日!$A$2:$A$200)))+IF(AE11="",0,MAX(0,NETWORKDAYS(AE11,IF(AF11<>"",AF11,IF($J11<>"",AE11,$AI$1)),祝日!$A$2:$A$200)))+IF(AG11="",0,MAX(0,NETWORKDAYS(AG11,IF(AH11<>"",AH11,IF($J11<>"",AG11,$AI$1)),祝日!$A$2:$A$200)))) -> 0 | F11: =IF($D11="","",$D11-$E11) -> 8 | G11: =IF(OR($D11="",$D11=0),"",$E11/$D11) -> 0 | H11: =IF($D11="","",IF($J11<>"","FIX",IF(AND(SUMPRODUCT((MOD(COLUMN($K11:$AH11)-COLUMN($K11),2)=0)*($K11:$AH11<>""))=0,SUMPRODUCT((MOD(COLUMN($K11:$AH11)-COLUMN($K11),2)=1)*($K11:$AH11<>""))=0),"未着手",IF(SUMPRODUCT((MOD(COLUMN($K11:$AH11)-COLUMN($K11),2)=0)*($K11:$AH11<>""))>SUMPRODUCT((MOD(COLUMN($K11:$AH11)-COLUMN($K11),2)=1)*($K11:$AH11<>"")),"作業中","中断")))) -> 未着手 | I11: =IF($H11="中断",MAX(0,$AI$1-MAX(L11,N11,P11,R11,T11,V11,X11,Z11,AB11,AD11,AF11,AH11)),"") | AK11: =IF($A8="","",IF(LOOKUP(2,1/($AJ$3:$AJ82<>""),$AJ$3:$AJ82)="-","",LOOKUP(2,1/($AJ$3:$AJ82<>""),$AJ$3:$AJ82))) | AL11: =$H11 -> 未着手 | AM11: =IF(ISNUMBER($D11),$D11,0) -> 8 | AN11: =IF(ISNUMBER($E11),$E11,0) -> 0 | AO11: =IF(ISNUMBER($F11),$F11,0) -> 8 | AQ11: =IF(OR($AK11="",K11="",L11=""),0,COUNTIFS($AK$3:$AK$98,$AK11,K$3:K$98,"<"&L11,L$3:L$98,">"&K11)+COUNTIFS($AK$3:$AK$98,$AK11,M$3:M$98,"<"&L11,N$3:N$98,">"&K11)+COUNTIFS($AK$3:$AK$98,$AK11,O$3:O$98,"<"&L11,P$3:P$98,">"&K11)+COUNTIFS($AK$3:$AK$98,$AK11,Q$3:Q$98,"<"&L11,R$3:R$98,">"&K11)+COUNTIFS($AK$3:$AK$98,$AK11,S$3:S$98,"<"&L11,T$3:T$98,">"&K11)+COUNTIFS($AK$3:$AK$98,$AK11,U$3:U$98,"<"&L11,V$3:V$98,">"&K11)+COUNTIFS($AK$3:$AK$98,$AK11,W$3:W$98,"<"&L11,X$3:X$98,">"&K11)+COUNTIFS($AK$3:$AK$98,$AK11,Y$3:Y$98,"<"&L11,Z$3:Z$98,">"&K11)+COUNTIFS($AK$3:$AK$98,$AK11,AA$3:AA$98,"<"&L11,AB$3:AB$98,">"&K11)+COUNTIFS($AK$3:$AK$98,$AK11,AC$3:AC$98,"<"&L11,AD$3:AD$98,">"&K11)+COUNTIFS($AK$3:$AK$98,$AK11,AE$3:AE$98,"<"&L11,AF$3:AF$98,">"&K11)+COUNTIFS($AK$3:$AK$98,$AK11,AG$3:AG$98,"<"&L11,AH$3:AH$98,">"&K11)-(K11<L11)) -> 0 | AR11: =AQ11 -> 0 | AS11: =IF(OR($AK11="",M11="",N11=""),0,COUNTIFS($AK$3:$AK$98,$AK11,K$3:K$98,"<"&N11,L$3:L$98,">"&M11)+COUNTIFS($AK$3:$AK$98,$AK11,M$3:M$98,"<"&N11,N$3:N$98,">"&M11)+COUNTIFS($AK$3:$AK$98,$AK11,O$3:O$98,"<"&N11,P$3:P$98,">"&M11)+COUNTIFS($AK$3:$AK$98,$AK11,Q$3:Q$98,"<"&N11,R$3:R$98,">"&M11)+COUNTIFS($AK$3:$AK$98,$AK11,S$3:S$98,"<"&N11,T$3:T$98,">"&M11)+COUNTIFS($AK$3:$AK$98,$AK11,U$3:U$98,"<"&N11,V$3:V$98,">"&M11)+COUNTIFS($AK$3:$AK$98,$AK11,W$3:W$98,"<"&N11,X$3:X$98,">"&M11)+COUNTIFS($AK$3:$AK$98,$AK11,Y$3:Y$98,"<"&N11,Z$3:Z$98,">"&M11)+COUNTIFS($AK$3:$AK$98,$AK11,AA$3:AA$98,"<"&N11,AB$3:AB$98,">"&M11)+COUNTIFS($AK$3:$AK$98,$AK11,AC$3:AC$98,"<"&N11,AD$3:AD$98,">"&M11)+COUNTIFS($AK$3:$AK$98,$AK11,AE$3:AE$98,"<"&N11,AF$3:AF$98,">"&M11)+COUNTIFS($AK$3:$AK$98,$AK11,AG$3:AG$98,"<"&N11,AH$3:AH$98,">"&M11)-(M11<N11)) -> 0 | AT11: =AS11 -> 0 | AU11: =IF(OR($AK11="",O11="",P11=""),0,COUNTIFS($AK$3:$AK$98,$AK11,K$3:K$98,"<"&P11,L$3:L$98,">"&O11)+COUNTIFS($AK$3:$AK$98,$AK11,M$3:M$98,"<"&P11,N$3:N$98,">"&O11)+COUNTIFS($AK$3:$AK$98,$AK11,O$3:O$98,"<"&P11,P$3:P$98,">"&O11)+COUNTIFS($AK$3:$AK$98,$AK11,Q$3:Q$98,"<"&P11,R$3:R$98,">"&O11)+COUNTIFS($AK$3:$AK$98,$AK11,S$3:S$98,"<"&P11,T$3:T$98,">"&O11)+COUNTIFS($AK$3:$AK$98,$AK11,U$3:U$98,"<"&P11,V$3:V$98,">"&O11)+COUNTIFS($AK$3:$AK$98,$AK11,W$3:W$98,"<"&P11,X$3:X$98,">"&O11)+COUNTIFS($AK$3:$AK$98,$AK11,Y$3:Y$98,"<"&P11,Z$3:Z$98,">"&O11)+COUNTIFS($AK$3:$AK$98,$AK11,AA$3:AA$98,"<"&P11,AB$3:AB$98,">"&O11)+COUNTIFS($AK$3:$AK$98,$AK11,AC$3:AC$98,"<"&P11,AD$3:AD$98,">"&O11)+COUNTIFS($AK$3:$AK$98,$AK11,AE$3:AE$98,"<"&P11,AF$3:AF$98,">"&O11)+COUNTIFS($AK$3:$AK$98,$AK11,AG$3:AG$98,"<"&P11,AH$3:AH$98,">"&O11)-(O11<P11)) -> 0 | AV11: =AU11 -> 0 | AW11: =IF(OR($AK11="",Q11="",R11=""),0,COUNTIFS($AK$3:$AK$98,$AK11,K$3:K$98,"<"&R11,L$3:L$98,">"&Q11)+COUNTIFS($AK$3:$AK$98,$AK11,M$3:M$98,"<"&R11,N$3:N$98,">"&Q11)+COUNTIFS($AK$3:$AK$98,$AK11,O$3:O$98,"<"&R11,P$3:P$98,">"&Q11)+COUNTIFS($AK$3:$AK$98,$AK11,Q$3:Q$98,"<"&R11,R$3:R$98,">"&Q11)+COUNTIFS($AK$3:$AK$98,$AK11,S$3:S$98,"<"&R11,T$3:T$98,">"&Q11)+COUNTIFS($AK$3:$AK$98,$AK11,U$3:U$98,"<"&R11,V$3:V$98,">"&Q11)+COUNTIFS($AK$3:$AK$98,$AK11,W$3:W$98,"<"&R11,X$3:X$98,">"&Q11)+COUNTIFS($AK$3:$AK$98,$AK11,Y$3:Y$98,"<"&R11,Z$3:Z$98,">"&Q11)+COUNTIFS($AK$3:$AK$98,$AK11,AA$3:AA$98,"<"&R11,AB$3:AB$98,">"&Q11)+COUNTIFS($AK$3:$AK$98,$AK11,AC$3:AC$98,"<"&R11,AD$3:AD$98,">"&Q11)+COUNTIFS($AK$3:$AK$98,$AK11,AE$3:AE$98,"<"&R11,AF$3:AF$98,">"&Q11)+COUNTIFS($AK$3:$AK$98,$AK11,AG$3:AG$98,"<"&R11,AH$3:AH$98,">"&Q11)-(Q11<R11)) -> 0 | AX11: =AW11 -> 0 | AY11: =IF(OR($AK11="",S11="",T11=""),0,COUNTIFS($AK$3:$AK$98,$AK11,K$3:K$98,"<"&T11,L$3:L$98,">"&S11)+COUNTIFS($AK$3:$AK$98,$AK11,M$3:M$98,"<"&T11,N$3:N$98,">"&S11)+COUNTIFS($AK$3:$AK$98,$AK11,O$3:O$98,"<"&T11,P$3:P$98,">"&S11)+COUNTIFS($AK$3:$AK$98,$AK11,Q$3:Q$98,"<"&T11,R$3:R$98,">"&S11)+COUNTIFS($AK$3:$AK$98,$AK11,S$3:S$98,"<"&T11,T$3:T$98,">"&S11)+COUNTIFS($AK$3:$AK$98,$AK11,U$3:U$98,"<"&T11,V$3:V$98,">"&S11)+COUNTIFS($AK$3:$AK$98,$AK11,W$3:W$98,"<"&T11,X$3:X$98,">"&S11)+COUNTIFS($AK$3:$AK$98,$AK11,Y$3:Y$98,"<"&T11,Z$3:Z$98,">"&S11)+COUNTIFS($AK$3:$AK$98,$AK11,AA$3:AA$98,"<"&T11,AB$3:AB$98,">"&S11)+COUNTIFS($AK$3:$AK$98,$AK11,AC$3:AC$98,"<"&T11,AD$3:AD$98,">"&S11)+COUNTIFS($AK$3:$AK$98,$AK11,AE$3:AE$98,"<"&T11,AF$3:AF$98,">"&S11)+COUNTIFS($AK$3:$AK$98,$AK11,AG$3:AG$98,"<"&T11,AH$3:AH$98,">"&S11)-(S11<T11)) -> 0 | AZ11: =AY11 -> 0 | BA11: =IF(OR($AK11="",U11="",V11=""),0,COUNTIFS($AK$3:$AK$98,$AK11,K$3:K$98,"<"&V11,L$3:L$98,">"&U11)+COUNTIFS($AK$3:$AK$98,$AK11,M$3:M$98,"<"&V11,N$3:N$98,">"&U11)+COUNTIFS($AK$3:$AK$98,$AK11,O$3:O$98,"<"&V11,P$3:P$98,">"&U11)+COUNTIFS($AK$3:$AK$98,$AK11,Q$3:Q$98,"<"&V11,R$3:R$98,">"&U11)+COUNTIFS($AK$3:$AK$98,$AK11,S$3:S$98,"<"&V11,T$3:T$98,">"&U11)+COUNTIFS($AK$3:$AK$98,$AK11,U$3:U$98,"<"&V11,V$3:V$98,">"&U11)+COUNTIFS($AK$3:$AK$98,$AK11,W$3:W$98,"<"&V11,X$3:X$98,">"&U11)+COUNTIFS($AK$3:$AK$98,$AK11,Y$3:Y$98,"<"&V11,Z$3:Z$98,">"&U11)+COUNTIFS($AK$3:$AK$98,$AK11,AA$3:AA$98,"<"&V11,AB$3:AB$98,">"&U11)+COUNTIFS($AK$3:$AK$98,$AK11,AC$3:AC$98,"<"&V11,AD$3:AD$98,">"&U11)+COUNTIFS($AK$3:$AK$98,$AK11,AE$3:AE$98,"<"&V11,AF$3:AF$98,">"&U11)+COUNTIFS($AK$3:$AK$98,$AK11,AG$3:AG$98,"<"&V11,AH$3:AH$98,">"&U11)-(U11<V11)) -> 0 | BB11: =BA11 -> 0 | BC11: =IF(OR($AK11="",W11="",X11=""),0,COUNTIFS($AK$3:$AK$98,$AK11,K$3:K$98,"<"&X11,L$3:L$98,">"&W11)+COUNTIFS($AK$3:$AK$98,$AK11,M$3:M$98,"<"&X11,N$3:N$98,">"&W11)+COUNTIFS($AK$3:$AK$98,$AK11,O$3:O$98,"<"&X11,P$3:P$98,">"&W11)+COUNTIFS($AK$3:$AK$98,$AK11,Q$3:Q$98,"<"&X11,R$3:R$98,">"&W11)+COUNTIFS($AK$3:$AK$98,$AK11,S$3:S$98,"<"&X11,T$3:T$98,">"&W11)+COUNTIFS($AK$3:$AK$98,$AK11,U$3:U$98,"<"&X11,V$3:V$98,">"&W11)+COUNTIFS($AK$3:$AK$98,$AK11,W$3:W$98,"<"&X11,X$3:X$98,">"&W11)+COUNTIFS($AK$3:$AK$98,$AK11,Y$3:Y$98,"<"&X11,Z$3:Z$98,">"&W11)+COUNTIFS($AK$3:$AK$98,$AK11,AA$3:AA$98,"<"&X11,AB$3:AB$98,">"&W11)+COUNTIFS($AK$3:$AK$98,$AK11,AC$3:AC$98,"<"&X11,AD$3:AD$98,">"&W11)+COUNTIFS($AK$3:$AK$98,$AK11,AE$3:AE$98,"<"&X11,AF$3:AF$98,">"&W11)+COUNTIFS($AK$3:$AK$98,$AK11,AG$3:AG$98,"<"&X11,AH$3:AH$98,">"&W11)-(W11<X11)) -> 0 | BD11: =BC11 -> 0 | BE11: =IF(OR($AK11="",Y11="",Z11=""),0,COUNTIFS($AK$3:$AK$98,$AK11,K$3:K$98,"<"&Z11,L$3:L$98,">"&Y11)+COUNTIFS($AK$3:$AK$98,$AK11,M$3:M$98,"<"&Z11,N$3:N$98,">"&Y11)+COUNTIFS($AK$3:$AK$98,$AK11,O$3:O$98,"<"&Z11,P$3:P$98,">"&Y11)+COUNTIFS($AK$3:$AK$98,$AK11,Q$3:Q$98,"<"&Z11,R$3:R$98,">"&Y11)+COUNTIFS($AK$3:$AK$98,$AK11,S$3:S$98,"<"&Z11,T$3:T$98,">"&Y11)+COUNTIFS($AK$3:$AK$98,$AK11,U$3:U$98,"<"&Z11,V$3:V$98,">"&Y11)+COUNTIFS($AK$3:$AK$98,$AK11,W$3:W$98,"<"&Z11,X$3:X$98,">"&Y11)+COUNTIFS($AK$3:$AK$98,$AK11,Y$3:Y$98,"<"&Z11,Z$3:Z$98,">"&Y11)+COUNTIFS($AK$3:$AK$98,$AK11,AA$3:AA$98,"<"&Z11,AB$3:AB$98,">"&Y11)+COUNTIFS($AK$3:$AK$98,$AK11,AC$3:AC$98,"<"&Z11,AD$3:AD$98,">"&Y11)+COUNTIFS($AK$3:$AK$98,$AK11,AE$3:AE$98,"<"&Z11,AF$3:AF$98,">"&Y11)+COUNTIFS($AK$3:$AK$98,$AK11,AG$3:AG$98,"<"&Z11,AH$3:AH$98,">"&Y11)-(Y11<Z11)) -> 0 | BF11: =BE11 -> 0 | BG11: =IF(OR($AK11="",AA11="",AB11=""),0,COUNTIFS($AK$3:$AK$98,$AK11,K$3:K$98,"<"&AB11,L$3:L$98,">"&AA11)+COUNTIFS($AK$3:$AK$98,$AK11,M$3:M$98,"<"&AB11,N$3:N$98,">"&AA11)+COUNTIFS($AK$3:$AK$98,$AK11,O$3:O$98,"<"&AB11,P$3:P$98,">"&AA11)+COUNTIFS($AK$3:$AK$98,$AK11,Q$3:Q$98,"<"&AB11,R$3:R$98,">"&AA11)+COUNTIFS($AK$3:$AK$98,$AK11,S$3:S$98,"<"&AB11,T$3:T$98,">"&AA11)+COUNTIFS($AK$3:$AK$98,$AK11,U$3:U$98,"<"&AB11,V$3:V$98,">"&AA11)+COUNTIFS($AK$3:$AK$98,$AK11,W$3:W$98,"<"&AB11,X$3:X$98,">"&AA11)+COUNTIFS($AK$3:$AK$98,$AK11,Y$3:Y$98,"<"&AB11,Z$3:Z$98,">"&AA11)+COUNTIFS($AK$3:$AK$98,$AK11,AA$3:AA$98,"<"&AB11,AB$3:AB$98,">"&AA11)+COUNTIFS($AK$3:$AK$98,$AK11,AC$3:AC$98,"<"&AB11,AD$3:AD$98,">"&AA11)+COUNTIFS($AK$3:$AK$98,$AK11,AE$3:AE$98,"<"&AB11,AF$3:AF$98,">"&AA11)+COUNTIFS($AK$3:$AK$98,$AK11,AG$3:AG$98,"<"&AB11,AH$3:AH$98,">"&AA11)-(AA11<AB11)) -> 0 | BH11: =BG11 -> 0 | BI11: =IF(OR($AK11="",AC11="",AD11=""),0,COUNTIFS($AK$3:$AK$98,$AK11,K$3:K$98,"<"&AD11,L$3:L$98,">"&AC11)+COUNTIFS($AK$3:$AK$98,$AK11,M$3:M$98,"<"&AD11,N$3:N$98,">"&AC11)+COUNTIFS($AK$3:$AK$98,$AK11,O$3:O$98,"<"&AD11,P$3:P$98,">"&AC11)+COUNTIFS($AK$3:$AK$98,$AK11,Q$3:Q$98,"<"&AD11,R$3:R$98,">"&AC11)+COUNTIFS($AK$3:$AK$98,$AK11,S$3:S$98,"<"&AD11,T$3:T$98,">"&AC11)+COUNTIFS($AK$3:$AK$98,$AK11,U$3:U$98,"<"&AD11,V$3:V$98,">"&AC11)+COUNTIFS($AK$3:$AK$98,$AK11,W$3:W$98,"<"&AD11,X$3:X$98,">"&AC11)+COUNTIFS($AK$3:$AK$98,$AK11,Y$3:Y$98,"<"&AD11,Z$3:Z$98,">"&AC11)+COUNTIFS($AK$3:$AK$98,$AK11,AA$3:AA$98,"<"&AD11,AB$3:AB$98,">"&AC11)+COUNTIFS($AK$3:$AK$98,$AK11,AC$3:AC$98,"<"&AD11,AD$3:AD$98,">"&AC11)+COUNTIFS($AK$3:$AK$98,$AK11,AE$3:AE$98,"<"&AD11,AF$3:AF$98,">"&AC11)+COUNTIFS($AK$3:$AK$98,$AK11,AG$3:AG$98,"<"&AD11,AH$3:AH$98,">"&AC11)-(AC11<AD11)) -> 0 | BJ11: =BI11 -> 0 | BK11: =IF(OR($AK11="",AE11="",AF11=""),0,COUNTIFS($AK$3:$AK$98,$AK11,K$3:K$98,"<"&AF11,L$3:L$98,">"&AE11)+COUNTIFS($AK$3:$AK$98,$AK11,M$3:M$98,"<"&AF11,N$3:N$98,">"&AE11)+COUNTIFS($AK$3:$AK$98,$AK11,O$3:O$98,"<"&AF11,P$3:P$98,">"&AE11)+COUNTIFS($AK$3:$AK$98,$AK11,Q$3:Q$98,"<"&AF11,R$3:R$98,">"&AE11)+COUNTIFS($AK$3:$AK$98,$AK11,S$3:S$98,"<"&AF11,T$3:T$98,">"&AE11)+COUNTIFS($AK$3:$AK$98,$AK11,U$3:U$98,"<"&AF11,V$3:V$98,">"&AE11)+COUNTIFS($AK$3:$AK$98,$AK11,W$3:W$98,"<"&AF11,X$3:X$98,">"&AE11)+COUNTIFS($AK$3:$AK$98,$AK11,Y$3:Y$98,"<"&AF11,Z$3:Z$98,">"&AE11)+COUNTIFS($AK$3:$AK$98,$AK11,AA$3:AA$98,"<"&AF11,AB$3:AB$98,">"&AE11)+COUNTIFS($AK$3:$AK$98,$AK11,AC$3:AC$98,"<"&AF11,AD$3:AD$98,">"&AE11)+COUNTIFS($AK$3:$AK$98,$AK11,AE$3:AE$98,"<"&AF11,AF$3:AF$98,">"&AE11)+COUNTIFS($AK$3:$AK$98,$AK11,AG$3:AG$98,"<"&AF11,AH$3:AH$98,">"&AE11)-(AE11<AF11)) -> 0 | BL11: =BK11 -> 0 | BM11: =IF(OR($AK11="",AG11="",AH11=""),0,COUNTIFS($AK$3:$AK$98,$AK11,K$3:K$98,"<"&AH11,L$3:L$98,">"&AG11)+COUNTIFS($AK$3:$AK$98,$AK11,M$3:M$98,"<"&AH11,N$3:N$98,">"&AG11)+COUNTIFS($AK$3:$AK$98,$AK11,O$3:O$98,"<"&AH11,P$3:P$98,">"&AG11)+COUNTIFS($AK$3:$AK$98,$AK11,Q$3:Q$98,"<"&AH11,R$3:R$98,">"&AG11)+COUNTIFS($AK$3:$AK$98,$AK11,S$3:S$98,"<"&AH11,T$3:T$98,">"&AG11)+COUNTIFS($AK$3:$AK$98,$AK11,U$3:U$98,"<"&AH11,V$3:V$98,">"&AG11)+COUNTIFS($AK$3:$AK$98,$AK11,W$3:W$98,"<"&AH11,X$3:X$98,">"&AG11)+COUNTIFS($AK$3:$AK$98,$AK11,Y$3:Y$98,"<"&AH11,Z$3:Z$98,">"&AG11)+COUNTIFS($AK$3:$AK$98,$AK11,AA$3:AA$98,"<"&AH11,AB$3:AB$98,">"&AG11)+COUNTIFS($AK$3:$AK$98,$AK11,AC$3:AC$98,"<"&AH11,AD$3:AD$98,">"&AG11)+COUNTIFS($AK$3:$AK$98,$AK11,AE$3:AE$98,"<"&AH11,AF$3:AF$98,">"&AG11)+COUNTIFS($AK$3:$AK$98,$AK11,AG$3:AG$98,"<"&AH11,AH$3:AH$98,">"&AG11)-(AG11<AH11)) -> 0 | BN11: =BM11 -> 0 | BO11: =IF(ISNUMBER($G11),$G11,"") -> 0 | BP11: =IF(AND($A11<>"",COUNT($K11:$AH11)>0),ROW(),"")
A12: chHijikiA | B12: =IF($A12="","","total") -> total | D12: =IF($A12="","",SUM(D13:D15)) -> 36 | E12: =IF($A12="","",SUM(E13:E15)) -> 5 | F12: =IF($A12="","",D12-E12) -> 31 | G12: =IF($A12="","",IFERROR(AVERAGEIFS(G13:G15,H13:H15,"<>未着手",H13:H15,"<>作業中"),"")) -> 0.3125
A13: =IF($A12="","",$A12) -> chHijikiA | B13: =IF($A12="","","low") -> low | D13: 16 | E13: =IF(AND($D13="",COUNT($K13:$AH13)=0),"",IF(K13="",0,MAX(0,NETWORKDAYS(K13,IF(L13<>"",L13,IF($J13<>"",K13,$AI$1)),祝日!$A$2:$A$200)))+IF(M13="",0,MAX(0,NETWORKDAYS(M13,IF(N13<>"",N13,IF($J13<>"",M13,$AI$1)),祝日!$A$2:$A$200)))+IF(O13="",0,MAX(0,NETWORKDAYS(O13,IF(P13<>"",P13,IF($J13<>"",O13,$AI$1)),祝日!$A$2:$A$200)))+IF(Q13="",0,MAX(0,NETWORKDAYS(Q13,IF(R13<>"",R13,IF($J13<>"",Q13,$AI$1)),祝日!$A$2:$A$200)))+IF(S13="",0,MAX(0,NETWORKDAYS(S13,IF(T13<>"",T13,IF($J13<>"",S13,$AI$1)),祝日!$A$2:$A$200)))+IF(U13="",0,MAX(0,NETWORKDAYS(U13,IF(V13<>"",V13,IF($J13<>"",U13,$AI$1)),祝日!$A$2:$A$200)))+IF(W13="",0,MAX(0,NETWORKDAYS(W13,IF(X13<>"",X13,IF($J13<>"",W13,$AI$1)),祝日!$A$2:$A$200)))+IF(Y13="",0,MAX(0,NETWORKDAYS(Y13,IF(Z13<>"",Z13,IF($J13<>"",Y13,$AI$1)),祝日!$A$2:$A$200)))+IF(AA13="",0,MAX(0,NETWORKDAYS(AA13,IF(AB13<>"",AB13,IF($J13<>"",AA13,$AI$1)),祝日!$A$2:$A$200)))+IF(AC13="",0,MAX(0,NETWORKDAYS(AC13,IF(AD13<>"",AD13,IF($J13<>"",AC13,$AI$1)),祝日!$A$2:$A$200)))+IF(AE13="",0,MAX(0,NETWORKDAYS(AE13,IF(AF13<>"",AF13,IF($J13<>"",AE13,$AI$1)),祝日!$A$2:$A$200)))+IF(AG13="",0,MAX(0,NETWORKDAYS(AG13,IF(AH13<>"",AH13,IF($J13<>"",AG13,$AI$1)),祝日!$A$2:$A$200)))) -> 5 | F13: =IF($D13="","",$D13-$E13) -> 11 | G13: =IF(OR($D13="",$D13=0),"",$E13/$D13) -> 0.3125 | H13: =IF($D13="","",IF($J13<>"","FIX",IF(AND(SUMPRODUCT((MOD(COLUMN($K13:$AH13)-COLUMN($K13),2)=0)*($K13:$AH13<>""))=0,SUMPRODUCT((MOD(COLUMN($K13:$AH13)-COLUMN($K13),2)=1)*($K13:$AH13<>""))=0),"未着手",IF(SUMPRODUCT((MOD(COLUMN($K13:$AH13)-COLUMN($K13),2)=0)*($K13:$AH13<>""))>SUMPRODUCT((MOD(COLUMN($K13:$AH13)-COLUMN($K13),2)=1)*($K13:$AH13<>"")),"作業中","中断")))) -> 中断 | I13: =IF($H13="中断",MAX(0,$AI$1-MAX(L13,N13,P13,R13,T13,V13,X13,Z13,AB13,AD13,AF13,AH13)),"") -> 1 | K13: 46295 | L13: 46301 | AK13: =IF($A12="","",IF(LOOKUP(2,1/($AJ$3:$AJ13<>""),$AJ$3:$AJ13)="-","",LOOKUP(2,1/($AJ$3:$AJ13<>""),$AJ$3:$AJ13))) -> CH01 | AL13: =$H13 -> 中断 | AM13: =IF(ISNUMBER($D13),$D13,0) -> 16 | AN13: =IF(ISNUMBER($E13),$E13,0) -> 5 | AO13: =IF(ISNUMBER($F13),$F13,0) -> 11 | AQ13: =IF(OR($AK13="",K13="",L13=""),0,COUNTIFS($AK$3:$AK$98,$AK13,K$3:K$98,"<"&L13,L$3:L$98,">"&K13)+COUNTIFS($AK$3:$AK$98,$AK13,M$3:M$98,"<"&L13,N$3:N$98,">"&K13)+COUNTIFS($AK$3:$AK$98,$AK13,O$3:O$98,"<"&L13,P$3:P$98,">"&K13)+COUNTIFS($AK$3:$AK$98,$AK13,Q$3:Q$98,"<"&L13,R$3:R$98,">"&K13)+COUNTIFS($AK$3:$AK$98,$AK13,S$3:S$98,"<"&L13,T$3:T$98,">"&K13)+COUNTIFS($AK$3:$AK$98,$AK13,U$3:U$98,"<"&L13,V$3:V$98,">"&K13)+COUNTIFS($AK$3:$AK$98,$AK13,W$3:W$98,"<"&L13,X$3:X$98,">"&K13)+COUNTIFS($AK$3:$AK$98,$AK13,Y$3:Y$98,"<"&L13,Z$3:Z$98,">"&K13)+COUNTIFS($AK$3:$AK$98,$AK13,AA$3:AA$98,"<"&L13,AB$3:AB$98,">"&K13)+COUNTIFS($AK$3:$AK$98,$AK13,AC$3:AC$98,"<"&L13,AD$3:AD$98,">"&K13)+COUNTIFS($AK$3:$AK$98,$AK13,AE$3:AE$98,"<"&L13,AF$3:AF$98,">"&K13)+COUNTIFS($AK$3:$AK$98,$AK13,AG$3:AG$98,"<"&L13,AH$3:AH$98,">"&K13)-(K13<L13)) -> 0 | AR13: =AQ13 -> 0 | AS13: =IF(OR($AK13="",M13="",N13=""),0,COUNTIFS($AK$3:$AK$98,$AK13,K$3:K$98,"<"&N13,L$3:L$98,">"&M13)+COUNTIFS($AK$3:$AK$98,$AK13,M$3:M$98,"<"&N13,N$3:N$98,">"&M13)+COUNTIFS($AK$3:$AK$98,$AK13,O$3:O$98,"<"&N13,P$3:P$98,">"&M13)+COUNTIFS($AK$3:$AK$98,$AK13,Q$3:Q$98,"<"&N13,R$3:R$98,">"&M13)+COUNTIFS($AK$3:$AK$98,$AK13,S$3:S$98,"<"&N13,T$3:T$98,">"&M13)+COUNTIFS($AK$3:$AK$98,$AK13,U$3:U$98,"<"&N13,V$3:V$98,">"&M13)+COUNTIFS($AK$3:$AK$98,$AK13,W$3:W$98,"<"&N13,X$3:X$98,">"&M13)+COUNTIFS($AK$3:$AK$98,$AK13,Y$3:Y$98,"<"&N13,Z$3:Z$98,">"&M13)+COUNTIFS($AK$3:$AK$98,$AK13,AA$3:AA$98,"<"&N13,AB$3:AB$98,">"&M13)+COUNTIFS($AK$3:$AK$98,$AK13,AC$3:AC$98,"<"&N13,AD$3:AD$98,">"&M13)+COUNTIFS($AK$3:$AK$98,$AK13,AE$3:AE$98,"<"&N13,AF$3:AF$98,">"&M13)+COUNTIFS($AK$3:$AK$98,$AK13,AG$3:AG$98,"<"&N13,AH$3:AH$98,">"&M13)-(M13<N13)) -> 0 | AT13: =AS13 -> 0 | AU13: =IF(OR($AK13="",O13="",P13=""),0,COUNTIFS($AK$3:$AK$98,$AK13,K$3:K$98,"<"&P13,L$3:L$98,">"&O13)+COUNTIFS($AK$3:$AK$98,$AK13,M$3:M$98,"<"&P13,N$3:N$98,">"&O13)+COUNTIFS($AK$3:$AK$98,$AK13,O$3:O$98,"<"&P13,P$3:P$98,">"&O13)+COUNTIFS($AK$3:$AK$98,$AK13,Q$3:Q$98,"<"&P13,R$3:R$98,">"&O13)+COUNTIFS($AK$3:$AK$98,$AK13,S$3:S$98,"<"&P13,T$3:T$98,">"&O13)+COUNTIFS($AK$3:$AK$98,$AK13,U$3:U$98,"<"&P13,V$3:V$98,">"&O13)+COUNTIFS($AK$3:$AK$98,$AK13,W$3:W$98,"<"&P13,X$3:X$98,">"&O13)+COUNTIFS($AK$3:$AK$98,$AK13,Y$3:Y$98,"<"&P13,Z$3:Z$98,">"&O13)+COUNTIFS($AK$3:$AK$98,$AK13,AA$3:AA$98,"<"&P13,AB$3:AB$98,">"&O13)+COUNTIFS($AK$3:$AK$98,$AK13,AC$3:AC$98,"<"&P13,AD$3:AD$98,">"&O13)+COUNTIFS($AK$3:$AK$98,$AK13,AE$3:AE$98,"<"&P13,AF$3:AF$98,">"&O13)+COUNTIFS($AK$3:$AK$98,$AK13,AG$3:AG$98,"<"&P13,AH$3:AH$98,">"&O13)-(O13<P13)) -> 0 | AV13: =AU13 -> 0 | AW13: =IF(OR($AK13="",Q13="",R13=""),0,COUNTIFS($AK$3:$AK$98,$AK13,K$3:K$98,"<"&R13,L$3:L$98,">"&Q13)+COUNTIFS($AK$3:$AK$98,$AK13,M$3:M$98,"<"&R13,N$3:N$98,">"&Q13)+COUNTIFS($AK$3:$AK$98,$AK13,O$3:O$98,"<"&R13,P$3:P$98,">"&Q13)+COUNTIFS($AK$3:$AK$98,$AK13,Q$3:Q$98,"<"&R13,R$3:R$98,">"&Q13)+COUNTIFS($AK$3:$AK$98,$AK13,S$3:S$98,"<"&R13,T$3:T$98,">"&Q13)+COUNTIFS($AK$3:$AK$98,$AK13,U$3:U$98,"<"&R13,V$3:V$98,">"&Q13)+COUNTIFS($AK$3:$AK$98,$AK13,W$3:W$98,"<"&R13,X$3:X$98,">"&Q13)+COUNTIFS($AK$3:$AK$98,$AK13,Y$3:Y$98,"<"&R13,Z$3:Z$98,">"&Q13)+COUNTIFS($AK$3:$AK$98,$AK13,AA$3:AA$98,"<"&R13,AB$3:AB$98,">"&Q13)+COUNTIFS($AK$3:$AK$98,$AK13,AC$3:AC$98,"<"&R13,AD$3:AD$98,">"&Q13)+COUNTIFS($AK$3:$AK$98,$AK13,AE$3:AE$98,"<"&R13,AF$3:AF$98,">"&Q13)+COUNTIFS($AK$3:$AK$98,$AK13,AG$3:AG$98,"<"&R13,AH$3:AH$98,">"&Q13)-(Q13<R13)) -> 0 | AX13: =AW13 -> 0 | AY13: =IF(OR($AK13="",S13="",T13=""),0,COUNTIFS($AK$3:$AK$98,$AK13,K$3:K$98,"<"&T13,L$3:L$98,">"&S13)+COUNTIFS($AK$3:$AK$98,$AK13,M$3:M$98,"<"&T13,N$3:N$98,">"&S13)+COUNTIFS($AK$3:$AK$98,$AK13,O$3:O$98,"<"&T13,P$3:P$98,">"&S13)+COUNTIFS($AK$3:$AK$98,$AK13,Q$3:Q$98,"<"&T13,R$3:R$98,">"&S13)+COUNTIFS($AK$3:$AK$98,$AK13,S$3:S$98,"<"&T13,T$3:T$98,">"&S13)+COUNTIFS($AK$3:$AK$98,$AK13,U$3:U$98,"<"&T13,V$3:V$98,">"&S13)+COUNTIFS($AK$3:$AK$98,$AK13,W$3:W$98,"<"&T13,X$3:X$98,">"&S13)+COUNTIFS($AK$3:$AK$98,$AK13,Y$3:Y$98,"<"&T13,Z$3:Z$98,">"&S13)+COUNTIFS($AK$3:$AK$98,$AK13,AA$3:AA$98,"<"&T13,AB$3:AB$98,">"&S13)+COUNTIFS($AK$3:$AK$98,$AK13,AC$3:AC$98,"<"&T13,AD$3:AD$98,">"&S13)+COUNTIFS($AK$3:$AK$98,$AK13,AE$3:AE$98,"<"&T13,AF$3:AF$98,">"&S13)+COUNTIFS($AK$3:$AK$98,$AK13,AG$3:AG$98,"<"&T13,AH$3:AH$98,">"&S13)-(S13<T13)) -> 0 | AZ13: =AY13 -> 0 | BA13: =IF(OR($AK13="",U13="",V13=""),0,COUNTIFS($AK$3:$AK$98,$AK13,K$3:K$98,"<"&V13,L$3:L$98,">"&U13)+COUNTIFS($AK$3:$AK$98,$AK13,M$3:M$98,"<"&V13,N$3:N$98,">"&U13)+COUNTIFS($AK$3:$AK$98,$AK13,O$3:O$98,"<"&V13,P$3:P$98,">"&U13)+COUNTIFS($AK$3:$AK$98,$AK13,Q$3:Q$98,"<"&V13,R$3:R$98,">"&U13)+COUNTIFS($AK$3:$AK$98,$AK13,S$3:S$98,"<"&V13,T$3:T$98,">"&U13)+COUNTIFS($AK$3:$AK$98,$AK13,U$3:U$98,"<"&V13,V$3:V$98,">"&U13)+COUNTIFS($AK$3:$AK$98,$AK13,W$3:W$98,"<"&V13,X$3:X$98,">"&U13)+COUNTIFS($AK$3:$AK$98,$AK13,Y$3:Y$98,"<"&V13,Z$3:Z$98,">"&U13)+COUNTIFS($AK$3:$AK$98,$AK13,AA$3:AA$98,"<"&V13,AB$3:AB$98,">"&U13)+COUNTIFS($AK$3:$AK$98,$AK13,AC$3:AC$98,"<"&V13,AD$3:AD$98,">"&U13)+COUNTIFS($AK$3:$AK$98,$AK13,AE$3:AE$98,"<"&V13,AF$3:AF$98,">"&U13)+COUNTIFS($AK$3:$AK$98,$AK13,AG$3:AG$98,"<"&V13,AH$3:AH$98,">"&U13)-(U13<V13)) -> 0 | BB13: =BA13 -> 0 | BC13: =IF(OR($AK13="",W13="",X13=""),0,COUNTIFS($AK$3:$AK$98,$AK13,K$3:K$98,"<"&X13,L$3:L$98,">"&W13)+COUNTIFS($AK$3:$AK$98,$AK13,M$3:M$98,"<"&X13,N$3:N$98,">"&W13)+COUNTIFS($AK$3:$AK$98,$AK13,O$3:O$98,"<"&X13,P$3:P$98,">"&W13)+COUNTIFS($AK$3:$AK$98,$AK13,Q$3:Q$98,"<"&X13,R$3:R$98,">"&W13)+COUNTIFS($AK$3:$AK$98,$AK13,S$3:S$98,"<"&X13,T$3:T$98,">"&W13)+COUNTIFS($AK$3:$AK$98,$AK13,U$3:U$98,"<"&X13,V$3:V$98,">"&W13)+COUNTIFS($AK$3:$AK$98,$AK13,W$3:W$98,"<"&X13,X$3:X$98,">"&W13)+COUNTIFS($AK$3:$AK$98,$AK13,Y$3:Y$98,"<"&X13,Z$3:Z$98,">"&W13)+COUNTIFS($AK$3:$AK$98,$AK13,AA$3:AA$98,"<"&X13,AB$3:AB$98,">"&W13)+COUNTIFS($AK$3:$AK$98,$AK13,AC$3:AC$98,"<"&X13,AD$3:AD$98,">"&W13)+COUNTIFS($AK$3:$AK$98,$AK13,AE$3:AE$98,"<"&X13,AF$3:AF$98,">"&W13)+COUNTIFS($AK$3:$AK$98,$AK13,AG$3:AG$98,"<"&X13,AH$3:AH$98,">"&W13)-(W13<X13)) -> 0 | BD13: =BC13 -> 0 | BE13: =IF(OR($AK13="",Y13="",Z13=""),0,COUNTIFS($AK$3:$AK$98,$AK13,K$3:K$98,"<"&Z13,L$3:L$98,">"&Y13)+COUNTIFS($AK$3:$AK$98,$AK13,M$3:M$98,"<"&Z13,N$3:N$98,">"&Y13)+COUNTIFS($AK$3:$AK$98,$AK13,O$3:O$98,"<"&Z13,P$3:P$98,">"&Y13)+COUNTIFS($AK$3:$AK$98,$AK13,Q$3:Q$98,"<"&Z13,R$3:R$98,">"&Y13)+COUNTIFS($AK$3:$AK$98,$AK13,S$3:S$98,"<"&Z13,T$3:T$98,">"&Y13)+COUNTIFS($AK$3:$AK$98,$AK13,U$3:U$98,"<"&Z13,V$3:V$98,">"&Y13)+COUNTIFS($AK$3:$AK$98,$AK13,W$3:W$98,"<"&Z13,X$3:X$98,">"&Y13)+COUNTIFS($AK$3:$AK$98,$AK13,Y$3:Y$98,"<"&Z13,Z$3:Z$98,">"&Y13)+COUNTIFS($AK$3:$AK$98,$AK13,AA$3:AA$98,"<"&Z13,AB$3:AB$98,">"&Y13)+COUNTIFS($AK$3:$AK$98,$AK13,AC$3:AC$98,"<"&Z13,AD$3:AD$98,">"&Y13)+COUNTIFS($AK$3:$AK$98,$AK13,AE$3:AE$98,"<"&Z13,AF$3:AF$98,">"&Y13)+COUNTIFS($AK$3:$AK$98,$AK13,AG$3:AG$98,"<"&Z13,AH$3:AH$98,">"&Y13)-(Y13<Z13)) -> 0 | BF13: =BE13 -> 0 | BG13: =IF(OR($AK13="",AA13="",AB13=""),0,COUNTIFS($AK$3:$AK$98,$AK13,K$3:K$98,"<"&AB13,L$3:L$98,">"&AA13)+COUNTIFS($AK$3:$AK$98,$AK13,M$3:M$98,"<"&AB13,N$3:N$98,">"&AA13)+COUNTIFS($AK$3:$AK$98,$AK13,O$3:O$98,"<"&AB13,P$3:P$98,">"&AA13)+COUNTIFS($AK$3:$AK$98,$AK13,Q$3:Q$98,"<"&AB13,R$3:R$98,">"&AA13)+COUNTIFS($AK$3:$AK$98,$AK13,S$3:S$98,"<"&AB13,T$3:T$98,">"&AA13)+COUNTIFS($AK$3:$AK$98,$AK13,U$3:U$98,"<"&AB13,V$3:V$98,">"&AA13)+COUNTIFS($AK$3:$AK$98,$AK13,W$3:W$98,"<"&AB13,X$3:X$98,">"&AA13)+COUNTIFS($AK$3:$AK$98,$AK13,Y$3:Y$98,"<"&AB13,Z$3:Z$98,">"&AA13)+COUNTIFS($AK$3:$AK$98,$AK13,AA$3:AA$98,"<"&AB13,AB$3:AB$98,">"&AA13)+COUNTIFS($AK$3:$AK$98,$AK13,AC$3:AC$98,"<"&AB13,AD$3:AD$98,">"&AA13)+COUNTIFS($AK$3:$AK$98,$AK13,AE$3:AE$98,"<"&AB13,AF$3:AF$98,">"&AA13)+COUNTIFS($AK$3:$AK$98,$AK13,AG$3:AG$98,"<"&AB13,AH$3:AH$98,">"&AA13)-(AA13<AB13)) -> 0 | BH13: =BG13 -> 0 | BI13: =IF(OR($AK13="",AC13="",AD13=""),0,COUNTIFS($AK$3:$AK$98,$AK13,K$3:K$98,"<"&AD13,L$3:L$98,">"&AC13)+COUNTIFS($AK$3:$AK$98,$AK13,M$3:M$98,"<"&AD13,N$3:N$98,">"&AC13)+COUNTIFS($AK$3:$AK$98,$AK13,O$3:O$98,"<"&AD13,P$3:P$98,">"&AC13)+COUNTIFS($AK$3:$AK$98,$AK13,Q$3:Q$98,"<"&AD13,R$3:R$98,">"&AC13)+COUNTIFS($AK$3:$AK$98,$AK13,S$3:S$98,"<"&AD13,T$3:T$98,">"&AC13)+COUNTIFS($AK$3:$AK$98,$AK13,U$3:U$98,"<"&AD13,V$3:V$98,">"&AC13)+COUNTIFS($AK$3:$AK$98,$AK13,W$3:W$98,"<"&AD13,X$3:X$98,">"&AC13)+COUNTIFS($AK$3:$AK$98,$AK13,Y$3:Y$98,"<"&AD13,Z$3:Z$98,">"&AC13)+COUNTIFS($AK$3:$AK$98,$AK13,AA$3:AA$98,"<"&AD13,AB$3:AB$98,">"&AC13)+COUNTIFS($AK$3:$AK$98,$AK13,AC$3:AC$98,"<"&AD13,AD$3:AD$98,">"&AC13)+COUNTIFS($AK$3:$AK$98,$AK13,AE$3:AE$98,"<"&AD13,AF$3:AF$98,">"&AC13)+COUNTIFS($AK$3:$AK$98,$AK13,AG$3:AG$98,"<"&AD13,AH$3:AH$98,">"&AC13)-(AC13<AD13)) -> 0 | BJ13: =BI13 -> 0 | BK13: =IF(OR($AK13="",AE13="",AF13=""),0,COUNTIFS($AK$3:$AK$98,$AK13,K$3:K$98,"<"&AF13,L$3:L$98,">"&AE13)+COUNTIFS($AK$3:$AK$98,$AK13,M$3:M$98,"<"&AF13,N$3:N$98,">"&AE13)+COUNTIFS($AK$3:$AK$98,$AK13,O$3:O$98,"<"&AF13,P$3:P$98,">"&AE13)+COUNTIFS($AK$3:$AK$98,$AK13,Q$3:Q$98,"<"&AF13,R$3:R$98,">"&AE13)+COUNTIFS($AK$3:$AK$98,$AK13,S$3:S$98,"<"&AF13,T$3:T$98,">"&AE13)+COUNTIFS($AK$3:$AK$98,$AK13,U$3:U$98,"<"&AF13,V$3:V$98,">"&AE13)+COUNTIFS($AK$3:$AK$98,$AK13,W$3:W$98,"<"&AF13,X$3:X$98,">"&AE13)+COUNTIFS($AK$3:$AK$98,$AK13,Y$3:Y$98,"<"&AF13,Z$3:Z$98,">"&AE13)+COUNTIFS($AK$3:$AK$98,$AK13,AA$3:AA$98,"<"&AF13,AB$3:AB$98,">"&AE13)+COUNTIFS($AK$3:$AK$98,$AK13,AC$3:AC$98,"<"&AF13,AD$3:AD$98,">"&AE13)+COUNTIFS($AK$3:$AK$98,$AK13,AE$3:AE$98,"<"&AF13,AF$3:AF$98,">"&AE13)+COUNTIFS($AK$3:$AK$98,$AK13,AG$3:AG$98,"<"&AF13,AH$3:AH$98,">"&AE13)-(AE13<AF13)) -> 0 | BL13: =BK13 -> 0 | BM13: =IF(OR($AK13="",AG13="",AH13=""),0,COUNTIFS($AK$3:$AK$98,$AK13,K$3:K$98,"<"&AH13,L$3:L$98,">"&AG13)+COUNTIFS($AK$3:$AK$98,$AK13,M$3:M$98,"<"&AH13,N$3:N$98,">"&AG13)+COUNTIFS($AK$3:$AK$98,$AK13,O$3:O$98,"<"&AH13,P$3:P$98,">"&AG13)+COUNTIFS($AK$3:$AK$98,$AK13,Q$3:Q$98,"<"&AH13,R$3:R$98,">"&AG13)+COUNTIFS($AK$3:$AK$98,$AK13,S$3:S$98,"<"&AH13,T$3:T$98,">"&AG13)+COUNTIFS($AK$3:$AK$98,$AK13,U$3:U$98,"<"&AH13,V$3:V$98,">"&AG13)+COUNTIFS($AK$3:$AK$98,$AK13,W$3:W$98,"<"&AH13,X$3:X$98,">"&AG13)+COUNTIFS($AK$3:$AK$98,$AK13,Y$3:Y$98,"<"&AH13,Z$3:Z$98,">"&AG13)+COUNTIFS($AK$3:$AK$98,$AK13,AA$3:AA$98,"<"&AH13,AB$3:AB$98,">"&AG13)+COUNTIFS($AK$3:$AK$98,$AK13,AC$3:AC$98,"<"&AH13,AD$3:AD$98,">"&AG13)+COUNTIFS($AK$3:$AK$98,$AK13,AE$3:AE$98,"<"&AH13,AF$3:AF$98,">"&AG13)+COUNTIFS($AK$3:$AK$98,$AK13,AG$3:AG$98,"<"&AH13,AH$3:AH$98,">"&AG13)-(AG13<AH13)) -> 0 | BN13: =BM13 -> 0 | BO13: =IF(ISNUMBER($G13),$G13,"") -> 0.3125 | BP13: =IF(AND($A13<>"",COUNT($K13:$AH13)>0),ROW(),"") -> 13
A14: =IF($A12="","",$A12) -> chHijikiA | B14: =IF($A12="","","high") -> high | D14: 10 | E14: =IF(AND($D14="",COUNT($K14:$AH14)=0),"",IF(K14="",0,MAX(0,NETWORKDAYS(K14,IF(L14<>"",L14,IF($J14<>"",K14,$AI$1)),祝日!$A$2:$A$200)))+IF(M14="",0,MAX(0,NETWORKDAYS(M14,IF(N14<>"",N14,IF($J14<>"",M14,$AI$1)),祝日!$A$2:$A$200)))+IF(O14="",0,MAX(0,NETWORKDAYS(O14,IF(P14<>"",P14,IF($J14<>"",O14,$AI$1)),祝日!$A$2:$A$200)))+IF(Q14="",0,MAX(0,NETWORKDAYS(Q14,IF(R14<>"",R14,IF($J14<>"",Q14,$AI$1)),祝日!$A$2:$A$200)))+IF(S14="",0,MAX(0,NETWORKDAYS(S14,IF(T14<>"",T14,IF($J14<>"",S14,$AI$1)),祝日!$A$2:$A$200)))+IF(U14="",0,MAX(0,NETWORKDAYS(U14,IF(V14<>"",V14,IF($J14<>"",U14,$AI$1)),祝日!$A$2:$A$200)))+IF(W14="",0,MAX(0,NETWORKDAYS(W14,IF(X14<>"",X14,IF($J14<>"",W14,$AI$1)),祝日!$A$2:$A$200)))+IF(Y14="",0,MAX(0,NETWORKDAYS(Y14,IF(Z14<>"",Z14,IF($J14<>"",Y14,$AI$1)),祝日!$A$2:$A$200)))+IF(AA14="",0,MAX(0,NETWORKDAYS(AA14,IF(AB14<>"",AB14,IF($J14<>"",AA14,$AI$1)),祝日!$A$2:$A$200)))+IF(AC14="",0,MAX(0,NETWORKDAYS(AC14,IF(AD14<>"",AD14,IF($J14<>"",AC14,$AI$1)),祝日!$A$2:$A$200)))+IF(AE14="",0,MAX(0,NETWORKDAYS(AE14,IF(AF14<>"",AF14,IF($J14<>"",AE14,$AI$1)),祝日!$A$2:$A$200)))+IF(AG14="",0,MAX(0,NETWORKDAYS(AG14,IF(AH14<>"",AH14,IF($J14<>"",AG14,$AI$1)),祝日!$A$2:$A$200)))) -> 0 | F14: =IF($D14="","",$D14-$E14) -> 10 | G14: =IF(OR($D14="",$D14=0),"",$E14/$D14) -> 0 | H14: =IF($D14="","",IF($J14<>"","FIX",IF(AND(SUMPRODUCT((MOD(COLUMN($K14:$AH14)-COLUMN($K14),2)=0)*($K14:$AH14<>""))=0,SUMPRODUCT((MOD(COLUMN($K14:$AH14)-COLUMN($K14),2)=1)*($K14:$AH14<>""))=0),"未着手",IF(SUMPRODUCT((MOD(COLUMN($K14:$AH14)-COLUMN($K14),2)=0)*($K14:$AH14<>""))>SUMPRODUCT((MOD(COLUMN($K14:$AH14)-COLUMN($K14),2)=1)*($K14:$AH14<>"")),"作業中","中断")))) -> 未着手 | I14: =IF($H14="中断",MAX(0,$AI$1-MAX(L14,N14,P14,R14,T14,V14,X14,Z14,AB14,AD14,AF14,AH14)),"") | AK14: =IF($A12="","",IF(LOOKUP(2,1/($AJ$3:$AJ14<>""),$AJ$3:$AJ14)="-","",LOOKUP(2,1/($AJ$3:$AJ14<>""),$AJ$3:$AJ14))) -> CH01 | AL14: =$H14 -> 未着手 | AM14: =IF(ISNUMBER($D14),$D14,0) -> 10 | AN14: =IF(ISNUMBER($E14),$E14,0) -> 0 | AO14: =IF(ISNUMBER($F14),$F14,0) -> 10 | AQ14: =IF(OR($AK14="",K14="",L14=""),0,COUNTIFS($AK$3:$AK$98,$AK14,K$3:K$98,"<"&L14,L$3:L$98,">"&K14)+COUNTIFS($AK$3:$AK$98,$AK14,M$3:M$98,"<"&L14,N$3:N$98,">"&K14)+COUNTIFS($AK$3:$AK$98,$AK14,O$3:O$98,"<"&L14,P$3:P$98,">"&K14)+COUNTIFS($AK$3:$AK$98,$AK14,Q$3:Q$98,"<"&L14,R$3:R$98,">"&K14)+COUNTIFS($AK$3:$AK$98,$AK14,S$3:S$98,"<"&L14,T$3:T$98,">"&K14)+COUNTIFS($AK$3:$AK$98,$AK14,U$3:U$98,"<"&L14,V$3:V$98,">"&K14)+COUNTIFS($AK$3:$AK$98,$AK14,W$3:W$98,"<"&L14,X$3:X$98,">"&K14)+COUNTIFS($AK$3:$AK$98,$AK14,Y$3:Y$98,"<"&L14,Z$3:Z$98,">"&K14)+COUNTIFS($AK$3:$AK$98,$AK14,AA$3:AA$98,"<"&L14,AB$3:AB$98,">"&K14)+COUNTIFS($AK$3:$AK$98,$AK14,AC$3:AC$98,"<"&L14,AD$3:AD$98,">"&K14)+COUNTIFS($AK$3:$AK$98,$AK14,AE$3:AE$98,"<"&L14,AF$3:AF$98,">"&K14)+COUNTIFS($AK$3:$AK$98,$AK14,AG$3:AG$98,"<"&L14,AH$3:AH$98,">"&K14)-(K14<L14)) -> 0 | AR14: =AQ14 -> 0 | AS14: =IF(OR($AK14="",M14="",N14=""),0,COUNTIFS($AK$3:$AK$98,$AK14,K$3:K$98,"<"&N14,L$3:L$98,">"&M14)+COUNTIFS($AK$3:$AK$98,$AK14,M$3:M$98,"<"&N14,N$3:N$98,">"&M14)+COUNTIFS($AK$3:$AK$98,$AK14,O$3:O$98,"<"&N14,P$3:P$98,">"&M14)+COUNTIFS($AK$3:$AK$98,$AK14,Q$3:Q$98,"<"&N14,R$3:R$98,">"&M14)+COUNTIFS($AK$3:$AK$98,$AK14,S$3:S$98,"<"&N14,T$3:T$98,">"&M14)+COUNTIFS($AK$3:$AK$98,$AK14,U$3:U$98,"<"&N14,V$3:V$98,">"&M14)+COUNTIFS($AK$3:$AK$98,$AK14,W$3:W$98,"<"&N14,X$3:X$98,">"&M14)+COUNTIFS($AK$3:$AK$98,$AK14,Y$3:Y$98,"<"&N14,Z$3:Z$98,">"&M14)+COUNTIFS($AK$3:$AK$98,$AK14,AA$3:AA$98,"<"&N14,AB$3:AB$98,">"&M14)+COUNTIFS($AK$3:$AK$98,$AK14,AC$3:AC$98,"<"&N14,AD$3:AD$98,">"&M14)+COUNTIFS($AK$3:$AK$98,$AK14,AE$3:AE$98,"<"&N14,AF$3:AF$98,">"&M14)+COUNTIFS($AK$3:$AK$98,$AK14,AG$3:AG$98,"<"&N14,AH$3:AH$98,">"&M14)-(M14<N14)) -> 0 | AT14: =AS14 -> 0 | AU14: =IF(OR($AK14="",O14="",P14=""),0,COUNTIFS($AK$3:$AK$98,$AK14,K$3:K$98,"<"&P14,L$3:L$98,">"&O14)+COUNTIFS($AK$3:$AK$98,$AK14,M$3:M$98,"<"&P14,N$3:N$98,">"&O14)+COUNTIFS($AK$3:$AK$98,$AK14,O$3:O$98,"<"&P14,P$3:P$98,">"&O14)+COUNTIFS($AK$3:$AK$98,$AK14,Q$3:Q$98,"<"&P14,R$3:R$98,">"&O14)+COUNTIFS($AK$3:$AK$98,$AK14,S$3:S$98,"<"&P14,T$3:T$98,">"&O14)+COUNTIFS($AK$3:$AK$98,$AK14,U$3:U$98,"<"&P14,V$3:V$98,">"&O14)+COUNTIFS($AK$3:$AK$98,$AK14,W$3:W$98,"<"&P14,X$3:X$98,">"&O14)+COUNTIFS($AK$3:$AK$98,$AK14,Y$3:Y$98,"<"&P14,Z$3:Z$98,">"&O14)+COUNTIFS($AK$3:$AK$98,$AK14,AA$3:AA$98,"<"&P14,AB$3:AB$98,">"&O14)+COUNTIFS($AK$3:$AK$98,$AK14,AC$3:AC$98,"<"&P14,AD$3:AD$98,">"&O14)+COUNTIFS($AK$3:$AK$98,$AK14,AE$3:AE$98,"<"&P14,AF$3:AF$98,">"&O14)+COUNTIFS($AK$3:$AK$98,$AK14,AG$3:AG$98,"<"&P14,AH$3:AH$98,">"&O14)-(O14<P14)) -> 0 | AV14: =AU14 -> 0 | AW14: =IF(OR($AK14="",Q14="",R14=""),0,COUNTIFS($AK$3:$AK$98,$AK14,K$3:K$98,"<"&R14,L$3:L$98,">"&Q14)+COUNTIFS($AK$3:$AK$98,$AK14,M$3:M$98,"<"&R14,N$3:N$98,">"&Q14)+COUNTIFS($AK$3:$AK$98,$AK14,O$3:O$98,"<"&R14,P$3:P$98,">"&Q14)+COUNTIFS($AK$3:$AK$98,$AK14,Q$3:Q$98,"<"&R14,R$3:R$98,">"&Q14)+COUNTIFS($AK$3:$AK$98,$AK14,S$3:S$98,"<"&R14,T$3:T$98,">"&Q14)+COUNTIFS($AK$3:$AK$98,$AK14,U$3:U$98,"<"&R14,V$3:V$98,">"&Q14)+COUNTIFS($AK$3:$AK$98,$AK14,W$3:W$98,"<"&R14,X$3:X$98,">"&Q14)+COUNTIFS($AK$3:$AK$98,$AK14,Y$3:Y$98,"<"&R14,Z$3:Z$98,">"&Q14)+COUNTIFS($AK$3:$AK$98,$AK14,AA$3:AA$98,"<"&R14,AB$3:AB$98,">"&Q14)+COUNTIFS($AK$3:$AK$98,$AK14,AC$3:AC$98,"<"&R14,AD$3:AD$98,">"&Q14)+COUNTIFS($AK$3:$AK$98,$AK14,AE$3:AE$98,"<"&R14,AF$3:AF$98,">"&Q14)+COUNTIFS($AK$3:$AK$98,$AK14,AG$3:AG$98,"<"&R14,AH$3:AH$98,">"&Q14)-(Q14<R14)) -> 0 | AX14: =AW14 -> 0 | AY14: =IF(OR($AK14="",S14="",T14=""),0,COUNTIFS($AK$3:$AK$98,$AK14,K$3:K$98,"<"&T14,L$3:L$98,">"&S14)+COUNTIFS($AK$3:$AK$98,$AK14,M$3:M$98,"<"&T14,N$3:N$98,">"&S14)+COUNTIFS($AK$3:$AK$98,$AK14,O$3:O$98,"<"&T14,P$3:P$98,">"&S14)+COUNTIFS($AK$3:$AK$98,$AK14,Q$3:Q$98,"<"&T14,R$3:R$98,">"&S14)+COUNTIFS($AK$3:$AK$98,$AK14,S$3:S$98,"<"&T14,T$3:T$98,">"&S14)+COUNTIFS($AK$3:$AK$98,$AK14,U$3:U$98,"<"&T14,V$3:V$98,">"&S14)+COUNTIFS($AK$3:$AK$98,$AK14,W$3:W$98,"<"&T14,X$3:X$98,">"&S14)+COUNTIFS($AK$3:$AK$98,$AK14,Y$3:Y$98,"<"&T14,Z$3:Z$98,">"&S14)+COUNTIFS($AK$3:$AK$98,$AK14,AA$3:AA$98,"<"&T14,AB$3:AB$98,">"&S14)+COUNTIFS($AK$3:$AK$98,$AK14,AC$3:AC$98,"<"&T14,AD$3:AD$98,">"&S14)+COUNTIFS($AK$3:$AK$98,$AK14,AE$3:AE$98,"<"&T14,AF$3:AF$98,">"&S14)+COUNTIFS($AK$3:$AK$98,$AK14,AG$3:AG$98,"<"&T14,AH$3:AH$98,">"&S14)-(S14<T14)) -> 0 | AZ14: =AY14 -> 0 | BA14: =IF(OR($AK14="",U14="",V14=""),0,COUNTIFS($AK$3:$AK$98,$AK14,K$3:K$98,"<"&V14,L$3:L$98,">"&U14)+COUNTIFS($AK$3:$AK$98,$AK14,M$3:M$98,"<"&V14,N$3:N$98,">"&U14)+COUNTIFS($AK$3:$AK$98,$AK14,O$3:O$98,"<"&V14,P$3:P$98,">"&U14)+COUNTIFS($AK$3:$AK$98,$AK14,Q$3:Q$98,"<"&V14,R$3:R$98,">"&U14)+COUNTIFS($AK$3:$AK$98,$AK14,S$3:S$98,"<"&V14,T$3:T$98,">"&U14)+COUNTIFS($AK$3:$AK$98,$AK14,U$3:U$98,"<"&V14,V$3:V$98,">"&U14)+COUNTIFS($AK$3:$AK$98,$AK14,W$3:W$98,"<"&V14,X$3:X$98,">"&U14)+COUNTIFS($AK$3:$AK$98,$AK14,Y$3:Y$98,"<"&V14,Z$3:Z$98,">"&U14)+COUNTIFS($AK$3:$AK$98,$AK14,AA$3:AA$98,"<"&V14,AB$3:AB$98,">"&U14)+COUNTIFS($AK$3:$AK$98,$AK14,AC$3:AC$98,"<"&V14,AD$3:AD$98,">"&U14)+COUNTIFS($AK$3:$AK$98,$AK14,AE$3:AE$98,"<"&V14,AF$3:AF$98,">"&U14)+COUNTIFS($AK$3:$AK$98,$AK14,AG$3:AG$98,"<"&V14,AH$3:AH$98,">"&U14)-(U14<V14)) -> 0 | BB14: =BA14 -> 0 | BC14: =IF(OR($AK14="",W14="",X14=""),0,COUNTIFS($AK$3:$AK$98,$AK14,K$3:K$98,"<"&X14,L$3:L$98,">"&W14)+COUNTIFS($AK$3:$AK$98,$AK14,M$3:M$98,"<"&X14,N$3:N$98,">"&W14)+COUNTIFS($AK$3:$AK$98,$AK14,O$3:O$98,"<"&X14,P$3:P$98,">"&W14)+COUNTIFS($AK$3:$AK$98,$AK14,Q$3:Q$98,"<"&X14,R$3:R$98,">"&W14)+COUNTIFS($AK$3:$AK$98,$AK14,S$3:S$98,"<"&X14,T$3:T$98,">"&W14)+COUNTIFS($AK$3:$AK$98,$AK14,U$3:U$98,"<"&X14,V$3:V$98,">"&W14)+COUNTIFS($AK$3:$AK$98,$AK14,W$3:W$98,"<"&X14,X$3:X$98,">"&W14)+COUNTIFS($AK$3:$AK$98,$AK14,Y$3:Y$98,"<"&X14,Z$3:Z$98,">"&W14)+COUNTIFS($AK$3:$AK$98,$AK14,AA$3:AA$98,"<"&X14,AB$3:AB$98,">"&W14)+COUNTIFS($AK$3:$AK$98,$AK14,AC$3:AC$98,"<"&X14,AD$3:AD$98,">"&W14)+COUNTIFS($AK$3:$AK$98,$AK14,AE$3:AE$98,"<"&X14,AF$3:AF$98,">"&W14)+COUNTIFS($AK$3:$AK$98,$AK14,AG$3:AG$98,"<"&X14,AH$3:AH$98,">"&W14)-(W14<X14)) -> 0 | BD14: =BC14 -> 0 | BE14: =IF(OR($AK14="",Y14="",Z14=""),0,COUNTIFS($AK$3:$AK$98,$AK14,K$3:K$98,"<"&Z14,L$3:L$98,">"&Y14)+COUNTIFS($AK$3:$AK$98,$AK14,M$3:M$98,"<"&Z14,N$3:N$98,">"&Y14)+COUNTIFS($AK$3:$AK$98,$AK14,O$3:O$98,"<"&Z14,P$3:P$98,">"&Y14)+COUNTIFS($AK$3:$AK$98,$AK14,Q$3:Q$98,"<"&Z14,R$3:R$98,">"&Y14)+COUNTIFS($AK$3:$AK$98,$AK14,S$3:S$98,"<"&Z14,T$3:T$98,">"&Y14)+COUNTIFS($AK$3:$AK$98,$AK14,U$3:U$98,"<"&Z14,V$3:V$98,">"&Y14)+COUNTIFS($AK$3:$AK$98,$AK14,W$3:W$98,"<"&Z14,X$3:X$98,">"&Y14)+COUNTIFS($AK$3:$AK$98,$AK14,Y$3:Y$98,"<"&Z14,Z$3:Z$98,">"&Y14)+COUNTIFS($AK$3:$AK$98,$AK14,AA$3:AA$98,"<"&Z14,AB$3:AB$98,">"&Y14)+COUNTIFS($AK$3:$AK$98,$AK14,AC$3:AC$98,"<"&Z14,AD$3:AD$98,">"&Y14)+COUNTIFS($AK$3:$AK$98,$AK14,AE$3:AE$98,"<"&Z14,AF$3:AF$98,">"&Y14)+COUNTIFS($AK$3:$AK$98,$AK14,AG$3:AG$98,"<"&Z14,AH$3:AH$98,">"&Y14)-(Y14<Z14)) -> 0 | BF14: =BE14 -> 0 | BG14: =IF(OR($AK14="",AA14="",AB14=""),0,COUNTIFS($AK$3:$AK$98,$AK14,K$3:K$98,"<"&AB14,L$3:L$98,">"&AA14)+COUNTIFS($AK$3:$AK$98,$AK14,M$3:M$98,"<"&AB14,N$3:N$98,">"&AA14)+COUNTIFS($AK$3:$AK$98,$AK14,O$3:O$98,"<"&AB14,P$3:P$98,">"&AA14)+COUNTIFS($AK$3:$AK$98,$AK14,Q$3:Q$98,"<"&AB14,R$3:R$98,">"&AA14)+COUNTIFS($AK$3:$AK$98,$AK14,S$3:S$98,"<"&AB14,T$3:T$98,">"&AA14)+COUNTIFS($AK$3:$AK$98,$AK14,U$3:U$98,"<"&AB14,V$3:V$98,">"&AA14)+COUNTIFS($AK$3:$AK$98,$AK14,W$3:W$98,"<"&AB14,X$3:X$98,">"&AA14)+COUNTIFS($AK$3:$AK$98,$AK14,Y$3:Y$98,"<"&AB14,Z$3:Z$98,">"&AA14)+COUNTIFS($AK$3:$AK$98,$AK14,AA$3:AA$98,"<"&AB14,AB$3:AB$98,">"&AA14)+COUNTIFS($AK$3:$AK$98,$AK14,AC$3:AC$98,"<"&AB14,AD$3:AD$98,">"&AA14)+COUNTIFS($AK$3:$AK$98,$AK14,AE$3:AE$98,"<"&AB14,AF$3:AF$98,">"&AA14)+COUNTIFS($AK$3:$AK$98,$AK14,AG$3:AG$98,"<"&AB14,AH$3:AH$98,">"&AA14)-(AA14<AB14)) -> 0 | BH14: =BG14 -> 0 | BI14: =IF(OR($AK14="",AC14="",AD14=""),0,COUNTIFS($AK$3:$AK$98,$AK14,K$3:K$98,"<"&AD14,L$3:L$98,">"&AC14)+COUNTIFS($AK$3:$AK$98,$AK14,M$3:M$98,"<"&AD14,N$3:N$98,">"&AC14)+COUNTIFS($AK$3:$AK$98,$AK14,O$3:O$98,"<"&AD14,P$3:P$98,">"&AC14)+COUNTIFS($AK$3:$AK$98,$AK14,Q$3:Q$98,"<"&AD14,R$3:R$98,">"&AC14)+COUNTIFS($AK$3:$AK$98,$AK14,S$3:S$98,"<"&AD14,T$3:T$98,">"&AC14)+COUNTIFS($AK$3:$AK$98,$AK14,U$3:U$98,"<"&AD14,V$3:V$98,">"&AC14)+COUNTIFS($AK$3:$AK$98,$AK14,W$3:W$98,"<"&AD14,X$3:X$98,">"&AC14)+COUNTIFS($AK$3:$AK$98,$AK14,Y$3:Y$98,"<"&AD14,Z$3:Z$98,">"&AC14)+COUNTIFS($AK$3:$AK$98,$AK14,AA$3:AA$98,"<"&AD14,AB$3:AB$98,">"&AC14)+COUNTIFS($AK$3:$AK$98,$AK14,AC$3:AC$98,"<"&AD14,AD$3:AD$98,">"&AC14)+COUNTIFS($AK$3:$AK$98,$AK14,AE$3:AE$98,"<"&AD14,AF$3:AF$98,">"&AC14)+COUNTIFS($AK$3:$AK$98,$AK14,AG$3:AG$98,"<"&AD14,AH$3:AH$98,">"&AC14)-(AC14<AD14)) -> 0 | BJ14: =BI14 -> 0 | BK14: =IF(OR($AK14="",AE14="",AF14=""),0,COUNTIFS($AK$3:$AK$98,$AK14,K$3:K$98,"<"&AF14,L$3:L$98,">"&AE14)+COUNTIFS($AK$3:$AK$98,$AK14,M$3:M$98,"<"&AF14,N$3:N$98,">"&AE14)+COUNTIFS($AK$3:$AK$98,$AK14,O$3:O$98,"<"&AF14,P$3:P$98,">"&AE14)+COUNTIFS($AK$3:$AK$98,$AK14,Q$3:Q$98,"<"&AF14,R$3:R$98,">"&AE14)+COUNTIFS($AK$3:$AK$98,$AK14,S$3:S$98,"<"&AF14,T$3:T$98,">"&AE14)+COUNTIFS($AK$3:$AK$98,$AK14,U$3:U$98,"<"&AF14,V$3:V$98,">"&AE14)+COUNTIFS($AK$3:$AK$98,$AK14,W$3:W$98,"<"&AF14,X$3:X$98,">"&AE14)+COUNTIFS($AK$3:$AK$98,$AK14,Y$3:Y$98,"<"&AF14,Z$3:Z$98,">"&AE14)+COUNTIFS($AK$3:$AK$98,$AK14,AA$3:AA$98,"<"&AF14,AB$3:AB$98,">"&AE14)+COUNTIFS($AK$3:$AK$98,$AK14,AC$3:AC$98,"<"&AF14,AD$3:AD$98,">"&AE14)+COUNTIFS($AK$3:$AK$98,$AK14,AE$3:AE$98,"<"&AF14,AF$3:AF$98,">"&AE14)+COUNTIFS($AK$3:$AK$98,$AK14,AG$3:AG$98,"<"&AF14,AH$3:AH$98,">"&AE14)-(AE14<AF14)) -> 0 | BL14: =BK14 -> 0 | BM14: =IF(OR($AK14="",AG14="",AH14=""),0,COUNTIFS($AK$3:$AK$98,$AK14,K$3:K$98,"<"&AH14,L$3:L$98,">"&AG14)+COUNTIFS($AK$3:$AK$98,$AK14,M$3:M$98,"<"&AH14,N$3:N$98,">"&AG14)+COUNTIFS($AK$3:$AK$98,$AK14,O$3:O$98,"<"&AH14,P$3:P$98,">"&AG14)+COUNTIFS($AK$3:$AK$98,$AK14,Q$3:Q$98,"<"&AH14,R$3:R$98,">"&AG14)+COUNTIFS($AK$3:$AK$98,$AK14,S$3:S$98,"<"&AH14,T$3:T$98,">"&AG14)+COUNTIFS($AK$3:$AK$98,$AK14,U$3:U$98,"<"&AH14,V$3:V$98,">"&AG14)+COUNTIFS($AK$3:$AK$98,$AK14,W$3:W$98,"<"&AH14,X$3:X$98,">"&AG14)+COUNTIFS($AK$3:$AK$98,$AK14,Y$3:Y$98,"<"&AH14,Z$3:Z$98,">"&AG14)+COUNTIFS($AK$3:$AK$98,$AK14,AA$3:AA$98,"<"&AH14,AB$3:AB$98,">"&AG14)+COUNTIFS($AK$3:$AK$98,$AK14,AC$3:AC$98,"<"&AH14,AD$3:AD$98,">"&AG14)+COUNTIFS($AK$3:$AK$98,$AK14,AE$3:AE$98,"<"&AH14,AF$3:AF$98,">"&AG14)+COUNTIFS($AK$3:$AK$98,$AK14,AG$3:AG$98,"<"&AH14,AH$3:AH$98,">"&AG14)-(AG14<AH14)) -> 0 | BN14: =BM14 -> 0 | BO14: =IF(ISNUMBER($G14),$G14,"") -> 0 | BP14: =IF(AND($A14<>"",COUNT($K14:$AH14)>0),ROW(),"")
A15: =IF($A12="","",$A12) -> chHijikiA | B15: =IF($A12="","","fac") -> fac | D15: 10 | E15: =IF(AND($D15="",COUNT($K15:$AH15)=0),"",IF(K15="",0,MAX(0,NETWORKDAYS(K15,IF(L15<>"",L15,IF($J15<>"",K15,$AI$1)),祝日!$A$2:$A$200)))+IF(M15="",0,MAX(0,NETWORKDAYS(M15,IF(N15<>"",N15,IF($J15<>"",M15,$AI$1)),祝日!$A$2:$A$200)))+IF(O15="",0,MAX(0,NETWORKDAYS(O15,IF(P15<>"",P15,IF($J15<>"",O15,$AI$1)),祝日!$A$2:$A$200)))+IF(Q15="",0,MAX(0,NETWORKDAYS(Q15,IF(R15<>"",R15,IF($J15<>"",Q15,$AI$1)),祝日!$A$2:$A$200)))+IF(S15="",0,MAX(0,NETWORKDAYS(S15,IF(T15<>"",T15,IF($J15<>"",S15,$AI$1)),祝日!$A$2:$A$200)))+IF(U15="",0,MAX(0,NETWORKDAYS(U15,IF(V15<>"",V15,IF($J15<>"",U15,$AI$1)),祝日!$A$2:$A$200)))+IF(W15="",0,MAX(0,NETWORKDAYS(W15,IF(X15<>"",X15,IF($J15<>"",W15,$AI$1)),祝日!$A$2:$A$200)))+IF(Y15="",0,MAX(0,NETWORKDAYS(Y15,IF(Z15<>"",Z15,IF($J15<>"",Y15,$AI$1)),祝日!$A$2:$A$200)))+IF(AA15="",0,MAX(0,NETWORKDAYS(AA15,IF(AB15<>"",AB15,IF($J15<>"",AA15,$AI$1)),祝日!$A$2:$A$200)))+IF(AC15="",0,MAX(0,NETWORKDAYS(AC15,IF(AD15<>"",AD15,IF($J15<>"",AC15,$AI$1)),祝日!$A$2:$A$200)))+IF(AE15="",0,MAX(0,NETWORKDAYS(AE15,IF(AF15<>"",AF15,IF($J15<>"",AE15,$AI$1)),祝日!$A$2:$A$200)))+IF(AG15="",0,MAX(0,NETWORKDAYS(AG15,IF(AH15<>"",AH15,IF($J15<>"",AG15,$AI$1)),祝日!$A$2:$A$200)))) -> 0 | F15: =IF($D15="","",$D15-$E15) -> 10 | G15: =IF(OR($D15="",$D15=0),"",$E15/$D15) -> 0 | H15: =IF($D15="","",IF($J15<>"","FIX",IF(AND(SUMPRODUCT((MOD(COLUMN($K15:$AH15)-COLUMN($K15),2)=0)*($K15:$AH15<>""))=0,SUMPRODUCT((MOD(COLUMN($K15:$AH15)-COLUMN($K15),2)=1)*($K15:$AH15<>""))=0),"未着手",IF(SUMPRODUCT((MOD(COLUMN($K15:$AH15)-COLUMN($K15),2)=0)*($K15:$AH15<>""))>SUMPRODUCT((MOD(COLUMN($K15:$AH15)-COLUMN($K15),2)=1)*($K15:$AH15<>"")),"作業中","中断")))) -> 未着手 | I15: =IF($H15="中断",MAX(0,$AI$1-MAX(L15,N15,P15,R15,T15,V15,X15,Z15,AB15,AD15,AF15,AH15)),"") | AK15: =IF($A12="","",IF(LOOKUP(2,1/($AJ$3:$AJ15<>""),$AJ$3:$AJ15)="-","",LOOKUP(2,1/($AJ$3:$AJ15<>""),$AJ$3:$AJ15))) -> CH01 | AL15: =$H15 -> 未着手 | AM15: =IF(ISNUMBER($D15),$D15,0) -> 10 | AN15: =IF(ISNUMBER($E15),$E15,0) -> 0 | AO15: =IF(ISNUMBER($F15),$F15,0) -> 10 | AQ15: =IF(OR($AK15="",K15="",L15=""),0,COUNTIFS($AK$3:$AK$98,$AK15,K$3:K$98,"<"&L15,L$3:L$98,">"&K15)+COUNTIFS($AK$3:$AK$98,$AK15,M$3:M$98,"<"&L15,N$3:N$98,">"&K15)+COUNTIFS($AK$3:$AK$98,$AK15,O$3:O$98,"<"&L15,P$3:P$98,">"&K15)+COUNTIFS($AK$3:$AK$98,$AK15,Q$3:Q$98,"<"&L15,R$3:R$98,">"&K15)+COUNTIFS($AK$3:$AK$98,$AK15,S$3:S$98,"<"&L15,T$3:T$98,">"&K15)+COUNTIFS($AK$3:$AK$98,$AK15,U$3:U$98,"<"&L15,V$3:V$98,">"&K15)+COUNTIFS($AK$3:$AK$98,$AK15,W$3:W$98,"<"&L15,X$3:X$98,">"&K15)+COUNTIFS($AK$3:$AK$98,$AK15,Y$3:Y$98,"<"&L15,Z$3:Z$98,">"&K15)+COUNTIFS($AK$3:$AK$98,$AK15,AA$3:AA$98,"<"&L15,AB$3:AB$98,">"&K15)+COUNTIFS($AK$3:$AK$98,$AK15,AC$3:AC$98,"<"&L15,AD$3:AD$98,">"&K15)+COUNTIFS($AK$3:$AK$98,$AK15,AE$3:AE$98,"<"&L15,AF$3:AF$98,">"&K15)+COUNTIFS($AK$3:$AK$98,$AK15,AG$3:AG$98,"<"&L15,AH$3:AH$98,">"&K15)-(K15<L15)) -> 0 | AR15: =AQ15 -> 0 | AS15: =IF(OR($AK15="",M15="",N15=""),0,COUNTIFS($AK$3:$AK$98,$AK15,K$3:K$98,"<"&N15,L$3:L$98,">"&M15)+COUNTIFS($AK$3:$AK$98,$AK15,M$3:M$98,"<"&N15,N$3:N$98,">"&M15)+COUNTIFS($AK$3:$AK$98,$AK15,O$3:O$98,"<"&N15,P$3:P$98,">"&M15)+COUNTIFS($AK$3:$AK$98,$AK15,Q$3:Q$98,"<"&N15,R$3:R$98,">"&M15)+COUNTIFS($AK$3:$AK$98,$AK15,S$3:S$98,"<"&N15,T$3:T$98,">"&M15)+COUNTIFS($AK$3:$AK$98,$AK15,U$3:U$98,"<"&N15,V$3:V$98,">"&M15)+COUNTIFS($AK$3:$AK$98,$AK15,W$3:W$98,"<"&N15,X$3:X$98,">"&M15)+COUNTIFS($AK$3:$AK$98,$AK15,Y$3:Y$98,"<"&N15,Z$3:Z$98,">"&M15)+COUNTIFS($AK$3:$AK$98,$AK15,AA$3:AA$98,"<"&N15,AB$3:AB$98,">"&M15)+COUNTIFS($AK$3:$AK$98,$AK15,AC$3:AC$98,"<"&N15,AD$3:AD$98,">"&M15)+COUNTIFS($AK$3:$AK$98,$AK15,AE$3:AE$98,"<"&N15,AF$3:AF$98,">"&M15)+COUNTIFS($AK$3:$AK$98,$AK15,AG$3:AG$98,"<"&N15,AH$3:AH$98,">"&M15)-(M15<N15)) -> 0 | AT15: =AS15 -> 0 | AU15: =IF(OR($AK15="",O15="",P15=""),0,COUNTIFS($AK$3:$AK$98,$AK15,K$3:K$98,"<"&P15,L$3:L$98,">"&O15)+COUNTIFS($AK$3:$AK$98,$AK15,M$3:M$98,"<"&P15,N$3:N$98,">"&O15)+COUNTIFS($AK$3:$AK$98,$AK15,O$3:O$98,"<"&P15,P$3:P$98,">"&O15)+COUNTIFS($AK$3:$AK$98,$AK15,Q$3:Q$98,"<"&P15,R$3:R$98,">"&O15)+COUNTIFS($AK$3:$AK$98,$AK15,S$3:S$98,"<"&P15,T$3:T$98,">"&O15)+COUNTIFS($AK$3:$AK$98,$AK15,U$3:U$98,"<"&P15,V$3:V$98,">"&O15)+COUNTIFS($AK$3:$AK$98,$AK15,W$3:W$98,"<"&P15,X$3:X$98,">"&O15)+COUNTIFS($AK$3:$AK$98,$AK15,Y$3:Y$98,"<"&P15,Z$3:Z$98,">"&O15)+COUNTIFS($AK$3:$AK$98,$AK15,AA$3:AA$98,"<"&P15,AB$3:AB$98,">"&O15)+COUNTIFS($AK$3:$AK$98,$AK15,AC$3:AC$98,"<"&P15,AD$3:AD$98,">"&O15)+COUNTIFS($AK$3:$AK$98,$AK15,AE$3:AE$98,"<"&P15,AF$3:AF$98,">"&O15)+COUNTIFS($AK$3:$AK$98,$AK15,AG$3:AG$98,"<"&P15,AH$3:AH$98,">"&O15)-(O15<P15)) -> 0 | AV15: =AU15 -> 0 | AW15: =IF(OR($AK15="",Q15="",R15=""),0,COUNTIFS($AK$3:$AK$98,$AK15,K$3:K$98,"<"&R15,L$3:L$98,">"&Q15)+COUNTIFS($AK$3:$AK$98,$AK15,M$3:M$98,"<"&R15,N$3:N$98,">"&Q15)+COUNTIFS($AK$3:$AK$98,$AK15,O$3:O$98,"<"&R15,P$3:P$98,">"&Q15)+COUNTIFS($AK$3:$AK$98,$AK15,Q$3:Q$98,"<"&R15,R$3:R$98,">"&Q15)+COUNTIFS($AK$3:$AK$98,$AK15,S$3:S$98,"<"&R15,T$3:T$98,">"&Q15)+COUNTIFS($AK$3:$AK$98,$AK15,U$3:U$98,"<"&R15,V$3:V$98,">"&Q15)+COUNTIFS($AK$3:$AK$98,$AK15,W$3:W$98,"<"&R15,X$3:X$98,">"&Q15)+COUNTIFS($AK$3:$AK$98,$AK15,Y$3:Y$98,"<"&R15,Z$3:Z$98,">"&Q15)+COUNTIFS($AK$3:$AK$98,$AK15,AA$3:AA$98,"<"&R15,AB$3:AB$98,">"&Q15)+COUNTIFS($AK$3:$AK$98,$AK15,AC$3:AC$98,"<"&R15,AD$3:AD$98,">"&Q15)+COUNTIFS($AK$3:$AK$98,$AK15,AE$3:AE$98,"<"&R15,AF$3:AF$98,">"&Q15)+COUNTIFS($AK$3:$AK$98,$AK15,AG$3:AG$98,"<"&R15,AH$3:AH$98,">"&Q15)-(Q15<R15)) -> 0 | AX15: =AW15 -> 0 | AY15: =IF(OR($AK15="",S15="",T15=""),0,COUNTIFS($AK$3:$AK$98,$AK15,K$3:K$98,"<"&T15,L$3:L$98,">"&S15)+COUNTIFS($AK$3:$AK$98,$AK15,M$3:M$98,"<"&T15,N$3:N$98,">"&S15)+COUNTIFS($AK$3:$AK$98,$AK15,O$3:O$98,"<"&T15,P$3:P$98,">"&S15)+COUNTIFS($AK$3:$AK$98,$AK15,Q$3:Q$98,"<"&T15,R$3:R$98,">"&S15)+COUNTIFS($AK$3:$AK$98,$AK15,S$3:S$98,"<"&T15,T$3:T$98,">"&S15)+COUNTIFS($AK$3:$AK$98,$AK15,U$3:U$98,"<"&T15,V$3:V$98,">"&S15)+COUNTIFS($AK$3:$AK$98,$AK15,W$3:W$98,"<"&T15,X$3:X$98,">"&S15)+COUNTIFS($AK$3:$AK$98,$AK15,Y$3:Y$98,"<"&T15,Z$3:Z$98,">"&S15)+COUNTIFS($AK$3:$AK$98,$AK15,AA$3:AA$98,"<"&T15,AB$3:AB$98,">"&S15)+COUNTIFS($AK$3:$AK$98,$AK15,AC$3:AC$98,"<"&T15,AD$3:AD$98,">"&S15)+COUNTIFS($AK$3:$AK$98,$AK15,AE$3:AE$98,"<"&T15,AF$3:AF$98,">"&S15)+COUNTIFS($AK$3:$AK$98,$AK15,AG$3:AG$98,"<"&T15,AH$3:AH$98,">"&S15)-(S15<T15)) -> 0 | AZ15: =AY15 -> 0 | BA15: =IF(OR($AK15="",U15="",V15=""),0,COUNTIFS($AK$3:$AK$98,$AK15,K$3:K$98,"<"&V15,L$3:L$98,">"&U15)+COUNTIFS($AK$3:$AK$98,$AK15,M$3:M$98,"<"&V15,N$3:N$98,">"&U15)+COUNTIFS($AK$3:$AK$98,$AK15,O$3:O$98,"<"&V15,P$3:P$98,">"&U15)+COUNTIFS($AK$3:$AK$98,$AK15,Q$3:Q$98,"<"&V15,R$3:R$98,">"&U15)+COUNTIFS($AK$3:$AK$98,$AK15,S$3:S$98,"<"&V15,T$3:T$98,">"&U15)+COUNTIFS($AK$3:$AK$98,$AK15,U$3:U$98,"<"&V15,V$3:V$98,">"&U15)+COUNTIFS($AK$3:$AK$98,$AK15,W$3:W$98,"<"&V15,X$3:X$98,">"&U15)+COUNTIFS($AK$3:$AK$98,$AK15,Y$3:Y$98,"<"&V15,Z$3:Z$98,">"&U15)+COUNTIFS($AK$3:$AK$98,$AK15,AA$3:AA$98,"<"&V15,AB$3:AB$98,">"&U15)+COUNTIFS($AK$3:$AK$98,$AK15,AC$3:AC$98,"<"&V15,AD$3:AD$98,">"&U15)+COUNTIFS($AK$3:$AK$98,$AK15,AE$3:AE$98,"<"&V15,AF$3:AF$98,">"&U15)+COUNTIFS($AK$3:$AK$98,$AK15,AG$3:AG$98,"<"&V15,AH$3:AH$98,">"&U15)-(U15<V15)) -> 0 | BB15: =BA15 -> 0 | BC15: =IF(OR($AK15="",W15="",X15=""),0,COUNTIFS($AK$3:$AK$98,$AK15,K$3:K$98,"<"&X15,L$3:L$98,">"&W15)+COUNTIFS($AK$3:$AK$98,$AK15,M$3:M$98,"<"&X15,N$3:N$98,">"&W15)+COUNTIFS($AK$3:$AK$98,$AK15,O$3:O$98,"<"&X15,P$3:P$98,">"&W15)+COUNTIFS($AK$3:$AK$98,$AK15,Q$3:Q$98,"<"&X15,R$3:R$98,">"&W15)+COUNTIFS($AK$3:$AK$98,$AK15,S$3:S$98,"<"&X15,T$3:T$98,">"&W15)+COUNTIFS($AK$3:$AK$98,$AK15,U$3:U$98,"<"&X15,V$3:V$98,">"&W15)+COUNTIFS($AK$3:$AK$98,$AK15,W$3:W$98,"<"&X15,X$3:X$98,">"&W15)+COUNTIFS($AK$3:$AK$98,$AK15,Y$3:Y$98,"<"&X15,Z$3:Z$98,">"&W15)+COUNTIFS($AK$3:$AK$98,$AK15,AA$3:AA$98,"<"&X15,AB$3:AB$98,">"&W15)+COUNTIFS($AK$3:$AK$98,$AK15,AC$3:AC$98,"<"&X15,AD$3:AD$98,">"&W15)+COUNTIFS($AK$3:$AK$98,$AK15,AE$3:AE$98,"<"&X15,AF$3:AF$98,">"&W15)+COUNTIFS($AK$3:$AK$98,$AK15,AG$3:AG$98,"<"&X15,AH$3:AH$98,">"&W15)-(W15<X15)) -> 0 | BD15: =BC15 -> 0 | BE15: =IF(OR($AK15="",Y15="",Z15=""),0,COUNTIFS($AK$3:$AK$98,$AK15,K$3:K$98,"<"&Z15,L$3:L$98,">"&Y15)+COUNTIFS($AK$3:$AK$98,$AK15,M$3:M$98,"<"&Z15,N$3:N$98,">"&Y15)+COUNTIFS($AK$3:$AK$98,$AK15,O$3:O$98,"<"&Z15,P$3:P$98,">"&Y15)+COUNTIFS($AK$3:$AK$98,$AK15,Q$3:Q$98,"<"&Z15,R$3:R$98,">"&Y15)+COUNTIFS($AK$3:$AK$98,$AK15,S$3:S$98,"<"&Z15,T$3:T$98,">"&Y15)+COUNTIFS($AK$3:$AK$98,$AK15,U$3:U$98,"<"&Z15,V$3:V$98,">"&Y15)+COUNTIFS($AK$3:$AK$98,$AK15,W$3:W$98,"<"&Z15,X$3:X$98,">"&Y15)+COUNTIFS($AK$3:$AK$98,$AK15,Y$3:Y$98,"<"&Z15,Z$3:Z$98,">"&Y15)+COUNTIFS($AK$3:$AK$98,$AK15,AA$3:AA$98,"<"&Z15,AB$3:AB$98,">"&Y15)+COUNTIFS($AK$3:$AK$98,$AK15,AC$3:AC$98,"<"&Z15,AD$3:AD$98,">"&Y15)+COUNTIFS($AK$3:$AK$98,$AK15,AE$3:AE$98,"<"&Z15,AF$3:AF$98,">"&Y15)+COUNTIFS($AK$3:$AK$98,$AK15,AG$3:AG$98,"<"&Z15,AH$3:AH$98,">"&Y15)-(Y15<Z15)) -> 0 | BF15: =BE15 -> 0 | BG15: =IF(OR($AK15="",AA15="",AB15=""),0,COUNTIFS($AK$3:$AK$98,$AK15,K$3:K$98,"<"&AB15,L$3:L$98,">"&AA15)+COUNTIFS($AK$3:$AK$98,$AK15,M$3:M$98,"<"&AB15,N$3:N$98,">"&AA15)+COUNTIFS($AK$3:$AK$98,$AK15,O$3:O$98,"<"&AB15,P$3:P$98,">"&AA15)+COUNTIFS($AK$3:$AK$98,$AK15,Q$3:Q$98,"<"&AB15,R$3:R$98,">"&AA15)+COUNTIFS($AK$3:$AK$98,$AK15,S$3:S$98,"<"&AB15,T$3:T$98,">"&AA15)+COUNTIFS($AK$3:$AK$98,$AK15,U$3:U$98,"<"&AB15,V$3:V$98,">"&AA15)+COUNTIFS($AK$3:$AK$98,$AK15,W$3:W$98,"<"&AB15,X$3:X$98,">"&AA15)+COUNTIFS($AK$3:$AK$98,$AK15,Y$3:Y$98,"<"&AB15,Z$3:Z$98,">"&AA15)+COUNTIFS($AK$3:$AK$98,$AK15,AA$3:AA$98,"<"&AB15,AB$3:AB$98,">"&AA15)+COUNTIFS($AK$3:$AK$98,$AK15,AC$3:AC$98,"<"&AB15,AD$3:AD$98,">"&AA15)+COUNTIFS($AK$3:$AK$98,$AK15,AE$3:AE$98,"<"&AB15,AF$3:AF$98,">"&AA15)+COUNTIFS($AK$3:$AK$98,$AK15,AG$3:AG$98,"<"&AB15,AH$3:AH$98,">"&AA15)-(AA15<AB15)) -> 0 | BH15: =BG15 -> 0 | BI15: =IF(OR($AK15="",AC15="",AD15=""),0,COUNTIFS($AK$3:$AK$98,$AK15,K$3:K$98,"<"&AD15,L$3:L$98,">"&AC15)+COUNTIFS($AK$3:$AK$98,$AK15,M$3:M$98,"<"&AD15,N$3:N$98,">"&AC15)+COUNTIFS($AK$3:$AK$98,$AK15,O$3:O$98,"<"&AD15,P$3:P$98,">"&AC15)+COUNTIFS($AK$3:$AK$98,$AK15,Q$3:Q$98,"<"&AD15,R$3:R$98,">"&AC15)+COUNTIFS($AK$3:$AK$98,$AK15,S$3:S$98,"<"&AD15,T$3:T$98,">"&AC15)+COUNTIFS($AK$3:$AK$98,$AK15,U$3:U$98,"<"&AD15,V$3:V$98,">"&AC15)+COUNTIFS($AK$3:$AK$98,$AK15,W$3:W$98,"<"&AD15,X$3:X$98,">"&AC15)+COUNTIFS($AK$3:$AK$98,$AK15,Y$3:Y$98,"<"&AD15,Z$3:Z$98,">"&AC15)+COUNTIFS($AK$3:$AK$98,$AK15,AA$3:AA$98,"<"&AD15,AB$3:AB$98,">"&AC15)+COUNTIFS($AK$3:$AK$98,$AK15,AC$3:AC$98,"<"&AD15,AD$3:AD$98,">"&AC15)+COUNTIFS($AK$3:$AK$98,$AK15,AE$3:AE$98,"<"&AD15,AF$3:AF$98,">"&AC15)+COUNTIFS($AK$3:$AK$98,$AK15,AG$3:AG$98,"<"&AD15,AH$3:AH$98,">"&AC15)-(AC15<AD15)) -> 0 | BJ15: =BI15 -> 0 | BK15: =IF(OR($AK15="",AE15="",AF15=""),0,COUNTIFS($AK$3:$AK$98,$AK15,K$3:K$98,"<"&AF15,L$3:L$98,">"&AE15)+COUNTIFS($AK$3:$AK$98,$AK15,M$3:M$98,"<"&AF15,N$3:N$98,">"&AE15)+COUNTIFS($AK$3:$AK$98,$AK15,O$3:O$98,"<"&AF15,P$3:P$98,">"&AE15)+COUNTIFS($AK$3:$AK$98,$AK15,Q$3:Q$98,"<"&AF15,R$3:R$98,">"&AE15)+COUNTIFS($AK$3:$AK$98,$AK15,S$3:S$98,"<"&AF15,T$3:T$98,">"&AE15)+COUNTIFS($AK$3:$AK$98,$AK15,U$3:U$98,"<"&AF15,V$3:V$98,">"&AE15)+COUNTIFS($AK$3:$AK$98,$AK15,W$3:W$98,"<"&AF15,X$3:X$98,">"&AE15)+COUNTIFS($AK$3:$AK$98,$AK15,Y$3:Y$98,"<"&AF15,Z$3:Z$98,">"&AE15)+COUNTIFS($AK$3:$AK$98,$AK15,AA$3:AA$98,"<"&AF15,AB$3:AB$98,">"&AE15)+COUNTIFS($AK$3:$AK$98,$AK15,AC$3:AC$98,"<"&AF15,AD$3:AD$98,">"&AE15)+COUNTIFS($AK$3:$AK$98,$AK15,AE$3:AE$98,"<"&AF15,AF$3:AF$98,">"&AE15)+COUNTIFS($AK$3:$AK$98,$AK15,AG$3:AG$98,"<"&AF15,AH$3:AH$98,">"&AE15)-(AE15<AF15)) -> 0 | BL15: =BK15 -> 0 | BM15: =IF(OR($AK15="",AG15="",AH15=""),0,COUNTIFS($AK$3:$AK$98,$AK15,K$3:K$98,"<"&AH15,L$3:L$98,">"&AG15)+COUNTIFS($AK$3:$AK$98,$AK15,M$3:M$98,"<"&AH15,N$3:N$98,">"&AG15)+COUNTIFS($AK$3:$AK$98,$AK15,O$3:O$98,"<"&AH15,P$3:P$98,">"&AG15)+COUNTIFS($AK$3:$AK$98,$AK15,Q$3:Q$98,"<"&AH15,R$3:R$98,">"&AG15)+COUNTIFS($AK$3:$AK$98,$AK15,S$3:S$98,"<"&AH15,T$3:T$98,">"&AG15)+COUNTIFS($AK$3:$AK$98,$AK15,U$3:U$98,"<"&AH15,V$3:V$98,">"&AG15)+COUNTIFS($AK$3:$AK$98,$AK15,W$3:W$98,"<"&AH15,X$3:X$98,">"&AG15)+COUNTIFS($AK$3:$AK$98,$AK15,Y$3:Y$98,"<"&AH15,Z$3:Z$98,">"&AG15)+COUNTIFS($AK$3:$AK$98,$AK15,AA$3:AA$98,"<"&AH15,AB$3:AB$98,">"&AG15)+COUNTIFS($AK$3:$AK$98,$AK15,AC$3:AC$98,"<"&AH15,AD$3:AD$98,">"&AG15)+COUNTIFS($AK$3:$AK$98,$AK15,AE$3:AE$98,"<"&AH15,AF$3:AF$98,">"&AG15)+COUNTIFS($AK$3:$AK$98,$AK15,AG$3:AG$98,"<"&AH15,AH$3:AH$98,">"&AG15)-(AG15<AH15)) -> 0 | BN15: =BM15 -> 0 | BO15: =IF(ISNUMBER($G15),$G15,"") -> 0 | BP15: =IF(AND($A15<>"",COUNT($K15:$AH15)>0),ROW(),"")
A16: chBuChildA | B16: =IF($A16="","","total") -> total | D16: =IF($A16="","",SUM(D17:D19)) -> 33 | E16: =IF($A16="","",SUM(E17:E19)) -> 33 | F16: =IF($A16="","",D16-E16) -> 0 | G16: =IF($A16="","",IFERROR(AVERAGEIFS(G17:G19,H17:H19,"<>未着手",H17:H19,"<>作業中"),"")) -> 1
A17: =IF($A16="","",$A16) -> chBuChildA | B17: =IF($A16="","","low") -> low | D17: 13 | E17: =IF(AND($D17="",COUNT($K17:$AH17)=0),"",IF(K17="",0,MAX(0,NETWORKDAYS(K17,IF(L17<>"",L17,IF($J17<>"",K17,$AI$1)),祝日!$A$2:$A$200)))+IF(M17="",0,MAX(0,NETWORKDAYS(M17,IF(N17<>"",N17,IF($J17<>"",M17,$AI$1)),祝日!$A$2:$A$200)))+IF(O17="",0,MAX(0,NETWORKDAYS(O17,IF(P17<>"",P17,IF($J17<>"",O17,$AI$1)),祝日!$A$2:$A$200)))+IF(Q17="",0,MAX(0,NETWORKDAYS(Q17,IF(R17<>"",R17,IF($J17<>"",Q17,$AI$1)),祝日!$A$2:$A$200)))+IF(S17="",0,MAX(0,NETWORKDAYS(S17,IF(T17<>"",T17,IF($J17<>"",S17,$AI$1)),祝日!$A$2:$A$200)))+IF(U17="",0,MAX(0,NETWORKDAYS(U17,IF(V17<>"",V17,IF($J17<>"",U17,$AI$1)),祝日!$A$2:$A$200)))+IF(W17="",0,MAX(0,NETWORKDAYS(W17,IF(X17<>"",X17,IF($J17<>"",W17,$AI$1)),祝日!$A$2:$A$200)))+IF(Y17="",0,MAX(0,NETWORKDAYS(Y17,IF(Z17<>"",Z17,IF($J17<>"",Y17,$AI$1)),祝日!$A$2:$A$200)))+IF(AA17="",0,MAX(0,NETWORKDAYS(AA17,IF(AB17<>"",AB17,IF($J17<>"",AA17,$AI$1)),祝日!$A$2:$A$200)))+IF(AC17="",0,MAX(0,NETWORKDAYS(AC17,IF(AD17<>"",AD17,IF($J17<>"",AC17,$AI$1)),祝日!$A$2:$A$200)))+IF(AE17="",0,MAX(0,NETWORKDAYS(AE17,IF(AF17<>"",AF17,IF($J17<>"",AE17,$AI$1)),祝日!$A$2:$A$200)))+IF(AG17="",0,MAX(0,NETWORKDAYS(AG17,IF(AH17<>"",AH17,IF($J17<>"",AG17,$AI$1)),祝日!$A$2:$A$200)))) -> 13 | F17: =IF($D17="","",$D17-$E17) -> 0 | G17: =IF(OR($D17="",$D17=0),"",$E17/$D17) -> 1 | H17: =IF($D17="","",IF($J17<>"","FIX",IF(AND(SUMPRODUCT((MOD(COLUMN($K17:$AH17)-COLUMN($K17),2)=0)*($K17:$AH17<>""))=0,SUMPRODUCT((MOD(COLUMN($K17:$AH17)-COLUMN($K17),2)=1)*($K17:$AH17<>""))=0),"未着手",IF(SUMPRODUCT((MOD(COLUMN($K17:$AH17)-COLUMN($K17),2)=0)*($K17:$AH17<>""))>SUMPRODUCT((MOD(COLUMN($K17:$AH17)-COLUMN($K17),2)=1)*($K17:$AH17<>"")),"作業中","中断")))) -> FIX | I17: =IF($H17="中断",MAX(0,$AI$1-MAX(L17,N17,P17,R17,T17,V17,X17,Z17,AB17,AD17,AF17,AH17)),"") | J17: ○ | K17: 46199 | L17: 46217 | AK17: =IF($A16="","",IF(LOOKUP(2,1/($AJ$3:$AJ17<>""),$AJ$3:$AJ17)="-","",LOOKUP(2,1/($AJ$3:$AJ17<>""),$AJ$3:$AJ17))) -> CH01 | AL17: =$H17 -> FIX | AM17: =IF(ISNUMBER($D17),$D17,0) -> 13 | AN17: =IF(ISNUMBER($E17),$E17,0) -> 13 | AO17: =IF(ISNUMBER($F17),$F17,0) -> 0 | AQ17: =IF(OR($AK17="",K17="",L17=""),0,COUNTIFS($AK$3:$AK$98,$AK17,K$3:K$98,"<"&L17,L$3:L$98,">"&K17)+COUNTIFS($AK$3:$AK$98,$AK17,M$3:M$98,"<"&L17,N$3:N$98,">"&K17)+COUNTIFS($AK$3:$AK$98,$AK17,O$3:O$98,"<"&L17,P$3:P$98,">"&K17)+COUNTIFS($AK$3:$AK$98,$AK17,Q$3:Q$98,"<"&L17,R$3:R$98,">"&K17)+COUNTIFS($AK$3:$AK$98,$AK17,S$3:S$98,"<"&L17,T$3:T$98,">"&K17)+COUNTIFS($AK$3:$AK$98,$AK17,U$3:U$98,"<"&L17,V$3:V$98,">"&K17)+COUNTIFS($AK$3:$AK$98,$AK17,W$3:W$98,"<"&L17,X$3:X$98,">"&K17)+COUNTIFS($AK$3:$AK$98,$AK17,Y$3:Y$98,"<"&L17,Z$3:Z$98,">"&K17)+COUNTIFS($AK$3:$AK$98,$AK17,AA$3:AA$98,"<"&L17,AB$3:AB$98,">"&K17)+COUNTIFS($AK$3:$AK$98,$AK17,AC$3:AC$98,"<"&L17,AD$3:AD$98,">"&K17)+COUNTIFS($AK$3:$AK$98,$AK17,AE$3:AE$98,"<"&L17,AF$3:AF$98,">"&K17)+COUNTIFS($AK$3:$AK$98,$AK17,AG$3:AG$98,"<"&L17,AH$3:AH$98,">"&K17)-(K17<L17)) -> 0 | AR17: =AQ17 -> 0 | AS17: =IF(OR($AK17="",M17="",N17=""),0,COUNTIFS($AK$3:$AK$98,$AK17,K$3:K$98,"<"&N17,L$3:L$98,">"&M17)+COUNTIFS($AK$3:$AK$98,$AK17,M$3:M$98,"<"&N17,N$3:N$98,">"&M17)+COUNTIFS($AK$3:$AK$98,$AK17,O$3:O$98,"<"&N17,P$3:P$98,">"&M17)+COUNTIFS($AK$3:$AK$98,$AK17,Q$3:Q$98,"<"&N17,R$3:R$98,">"&M17)+COUNTIFS($AK$3:$AK$98,$AK17,S$3:S$98,"<"&N17,T$3:T$98,">"&M17)+COUNTIFS($AK$3:$AK$98,$AK17,U$3:U$98,"<"&N17,V$3:V$98,">"&M17)+COUNTIFS($AK$3:$AK$98,$AK17,W$3:W$98,"<"&N17,X$3:X$98,">"&M17)+COUNTIFS($AK$3:$AK$98,$AK17,Y$3:Y$98,"<"&N17,Z$3:Z$98,">"&M17)+COUNTIFS($AK$3:$AK$98,$AK17,AA$3:AA$98,"<"&N17,AB$3:AB$98,">"&M17)+COUNTIFS($AK$3:$AK$98,$AK17,AC$3:AC$98,"<"&N17,AD$3:AD$98,">"&M17)+COUNTIFS($AK$3:$AK$98,$AK17,AE$3:AE$98,"<"&N17,AF$3:AF$98,">"&M17)+COUNTIFS($AK$3:$AK$98,$AK17,AG$3:AG$98,"<"&N17,AH$3:AH$98,">"&M17)-(M17<N17)) -> 0 | AT17: =AS17 -> 0 | AU17: =IF(OR($AK17="",O17="",P17=""),0,COUNTIFS($AK$3:$AK$98,$AK17,K$3:K$98,"<"&P17,L$3:L$98,">"&O17)+COUNTIFS($AK$3:$AK$98,$AK17,M$3:M$98,"<"&P17,N$3:N$98,">"&O17)+COUNTIFS($AK$3:$AK$98,$AK17,O$3:O$98,"<"&P17,P$3:P$98,">"&O17)+COUNTIFS($AK$3:$AK$98,$AK17,Q$3:Q$98,"<"&P17,R$3:R$98,">"&O17)+COUNTIFS($AK$3:$AK$98,$AK17,S$3:S$98,"<"&P17,T$3:T$98,">"&O17)+COUNTIFS($AK$3:$AK$98,$AK17,U$3:U$98,"<"&P17,V$3:V$98,">"&O17)+COUNTIFS($AK$3:$AK$98,$AK17,W$3:W$98,"<"&P17,X$3:X$98,">"&O17)+COUNTIFS($AK$3:$AK$98,$AK17,Y$3:Y$98,"<"&P17,Z$3:Z$98,">"&O17)+COUNTIFS($AK$3:$AK$98,$AK17,AA$3:AA$98,"<"&P17,AB$3:AB$98,">"&O17)+COUNTIFS($AK$3:$AK$98,$AK17,AC$3:AC$98,"<"&P17,AD$3:AD$98,">"&O17)+COUNTIFS($AK$3:$AK$98,$AK17,AE$3:AE$98,"<"&P17,AF$3:AF$98,">"&O17)+COUNTIFS($AK$3:$AK$98,$AK17,AG$3:AG$98,"<"&P17,AH$3:AH$98,">"&O17)-(O17<P17)) -> 0 | AV17: =AU17 -> 0 | AW17: =IF(OR($AK17="",Q17="",R17=""),0,COUNTIFS($AK$3:$AK$98,$AK17,K$3:K$98,"<"&R17,L$3:L$98,">"&Q17)+COUNTIFS($AK$3:$AK$98,$AK17,M$3:M$98,"<"&R17,N$3:N$98,">"&Q17)+COUNTIFS($AK$3:$AK$98,$AK17,O$3:O$98,"<"&R17,P$3:P$98,">"&Q17)+COUNTIFS($AK$3:$AK$98,$AK17,Q$3:Q$98,"<"&R17,R$3:R$98,">"&Q17)+COUNTIFS($AK$3:$AK$98,$AK17,S$3:S$98,"<"&R17,T$3:T$98,">"&Q17)+COUNTIFS($AK$3:$AK$98,$AK17,U$3:U$98,"<"&R17,V$3:V$98,">"&Q17)+COUNTIFS($AK$3:$AK$98,$AK17,W$3:W$98,"<"&R17,X$3:X$98,">"&Q17)+COUNTIFS($AK$3:$AK$98,$AK17,Y$3:Y$98,"<"&R17,Z$3:Z$98,">"&Q17)+COUNTIFS($AK$3:$AK$98,$AK17,AA$3:AA$98,"<"&R17,AB$3:AB$98,">"&Q17)+COUNTIFS($AK$3:$AK$98,$AK17,AC$3:AC$98,"<"&R17,AD$3:AD$98,">"&Q17)+COUNTIFS($AK$3:$AK$98,$AK17,AE$3:AE$98,"<"&R17,AF$3:AF$98,">"&Q17)+COUNTIFS($AK$3:$AK$98,$AK17,AG$3:AG$98,"<"&R17,AH$3:AH$98,">"&Q17)-(Q17<R17)) -> 0 | AX17: =AW17 -> 0 | AY17: =IF(OR($AK17="",S17="",T17=""),0,COUNTIFS($AK$3:$AK$98,$AK17,K$3:K$98,"<"&T17,L$3:L$98,">"&S17)+COUNTIFS($AK$3:$AK$98,$AK17,M$3:M$98,"<"&T17,N$3:N$98,">"&S17)+COUNTIFS($AK$3:$AK$98,$AK17,O$3:O$98,"<"&T17,P$3:P$98,">"&S17)+COUNTIFS($AK$3:$AK$98,$AK17,Q$3:Q$98,"<"&T17,R$3:R$98,">"&S17)+COUNTIFS($AK$3:$AK$98,$AK17,S$3:S$98,"<"&T17,T$3:T$98,">"&S17)+COUNTIFS($AK$3:$AK$98,$AK17,U$3:U$98,"<"&T17,V$3:V$98,">"&S17)+COUNTIFS($AK$3:$AK$98,$AK17,W$3:W$98,"<"&T17,X$3:X$98,">"&S17)+COUNTIFS($AK$3:$AK$98,$AK17,Y$3:Y$98,"<"&T17,Z$3:Z$98,">"&S17)+COUNTIFS($AK$3:$AK$98,$AK17,AA$3:AA$98,"<"&T17,AB$3:AB$98,">"&S17)+COUNTIFS($AK$3:$AK$98,$AK17,AC$3:AC$98,"<"&T17,AD$3:AD$98,">"&S17)+COUNTIFS($AK$3:$AK$98,$AK17,AE$3:AE$98,"<"&T17,AF$3:AF$98,">"&S17)+COUNTIFS($AK$3:$AK$98,$AK17,AG$3:AG$98,"<"&T17,AH$3:AH$98,">"&S17)-(S17<T17)) -> 0 | AZ17: =AY17 -> 0 | BA17: =IF(OR($AK17="",U17="",V17=""),0,COUNTIFS($AK$3:$AK$98,$AK17,K$3:K$98,"<"&V17,L$3:L$98,">"&U17)+COUNTIFS($AK$3:$AK$98,$AK17,M$3:M$98,"<"&V17,N$3:N$98,">"&U17)+COUNTIFS($AK$3:$AK$98,$AK17,O$3:O$98,"<"&V17,P$3:P$98,">"&U17)+COUNTIFS($AK$3:$AK$98,$AK17,Q$3:Q$98,"<"&V17,R$3:R$98,">"&U17)+COUNTIFS($AK$3:$AK$98,$AK17,S$3:S$98,"<"&V17,T$3:T$98,">"&U17)+COUNTIFS($AK$3:$AK$98,$AK17,U$3:U$98,"<"&V17,V$3:V$98,">"&U17)+COUNTIFS($AK$3:$AK$98,$AK17,W$3:W$98,"<"&V17,X$3:X$98,">"&U17)+COUNTIFS($AK$3:$AK$98,$AK17,Y$3:Y$98,"<"&V17,Z$3:Z$98,">"&U17)+COUNTIFS($AK$3:$AK$98,$AK17,AA$3:AA$98,"<"&V17,AB$3:AB$98,">"&U17)+COUNTIFS($AK$3:$AK$98,$AK17,AC$3:AC$98,"<"&V17,AD$3:AD$98,">"&U17)+COUNTIFS($AK$3:$AK$98,$AK17,AE$3:AE$98,"<"&V17,AF$3:AF$98,">"&U17)+COUNTIFS($AK$3:$AK$98,$AK17,AG$3:AG$98,"<"&V17,AH$3:AH$98,">"&U17)-(U17<V17)) -> 0 | BB17: =BA17 -> 0 | BC17: =IF(OR($AK17="",W17="",X17=""),0,COUNTIFS($AK$3:$AK$98,$AK17,K$3:K$98,"<"&X17,L$3:L$98,">"&W17)+COUNTIFS($AK$3:$AK$98,$AK17,M$3:M$98,"<"&X17,N$3:N$98,">"&W17)+COUNTIFS($AK$3:$AK$98,$AK17,O$3:O$98,"<"&X17,P$3:P$98,">"&W17)+COUNTIFS($AK$3:$AK$98,$AK17,Q$3:Q$98,"<"&X17,R$3:R$98,">"&W17)+COUNTIFS($AK$3:$AK$98,$AK17,S$3:S$98,"<"&X17,T$3:T$98,">"&W17)+COUNTIFS($AK$3:$AK$98,$AK17,U$3:U$98,"<"&X17,V$3:V$98,">"&W17)+COUNTIFS($AK$3:$AK$98,$AK17,W$3:W$98,"<"&X17,X$3:X$98,">"&W17)+COUNTIFS($AK$3:$AK$98,$AK17,Y$3:Y$98,"<"&X17,Z$3:Z$98,">"&W17)+COUNTIFS($AK$3:$AK$98,$AK17,AA$3:AA$98,"<"&X17,AB$3:AB$98,">"&W17)+COUNTIFS($AK$3:$AK$98,$AK17,AC$3:AC$98,"<"&X17,AD$3:AD$98,">"&W17)+COUNTIFS($AK$3:$AK$98,$AK17,AE$3:AE$98,"<"&X17,AF$3:AF$98,">"&W17)+COUNTIFS($AK$3:$AK$98,$AK17,AG$3:AG$98,"<"&X17,AH$3:AH$98,">"&W17)-(W17<X17)) -> 0 | BD17: =BC17 -> 0 | BE17: =IF(OR($AK17="",Y17="",Z17=""),0,COUNTIFS($AK$3:$AK$98,$AK17,K$3:K$98,"<"&Z17,L$3:L$98,">"&Y17)+COUNTIFS($AK$3:$AK$98,$AK17,M$3:M$98,"<"&Z17,N$3:N$98,">"&Y17)+COUNTIFS($AK$3:$AK$98,$AK17,O$3:O$98,"<"&Z17,P$3:P$98,">"&Y17)+COUNTIFS($AK$3:$AK$98,$AK17,Q$3:Q$98,"<"&Z17,R$3:R$98,">"&Y17)+COUNTIFS($AK$3:$AK$98,$AK17,S$3:S$98,"<"&Z17,T$3:T$98,">"&Y17)+COUNTIFS($AK$3:$AK$98,$AK17,U$3:U$98,"<"&Z17,V$3:V$98,">"&Y17)+COUNTIFS($AK$3:$AK$98,$AK17,W$3:W$98,"<"&Z17,X$3:X$98,">"&Y17)+COUNTIFS($AK$3:$AK$98,$AK17,Y$3:Y$98,"<"&Z17,Z$3:Z$98,">"&Y17)+COUNTIFS($AK$3:$AK$98,$AK17,AA$3:AA$98,"<"&Z17,AB$3:AB$98,">"&Y17)+COUNTIFS($AK$3:$AK$98,$AK17,AC$3:AC$98,"<"&Z17,AD$3:AD$98,">"&Y17)+COUNTIFS($AK$3:$AK$98,$AK17,AE$3:AE$98,"<"&Z17,AF$3:AF$98,">"&Y17)+COUNTIFS($AK$3:$AK$98,$AK17,AG$3:AG$98,"<"&Z17,AH$3:AH$98,">"&Y17)-(Y17<Z17)) -> 0 | BF17: =BE17 -> 0 | BG17: =IF(OR($AK17="",AA17="",AB17=""),0,COUNTIFS($AK$3:$AK$98,$AK17,K$3:K$98,"<"&AB17,L$3:L$98,">"&AA17)+COUNTIFS($AK$3:$AK$98,$AK17,M$3:M$98,"<"&AB17,N$3:N$98,">"&AA17)+COUNTIFS($AK$3:$AK$98,$AK17,O$3:O$98,"<"&AB17,P$3:P$98,">"&AA17)+COUNTIFS($AK$3:$AK$98,$AK17,Q$3:Q$98,"<"&AB17,R$3:R$98,">"&AA17)+COUNTIFS($AK$3:$AK$98,$AK17,S$3:S$98,"<"&AB17,T$3:T$98,">"&AA17)+COUNTIFS($AK$3:$AK$98,$AK17,U$3:U$98,"<"&AB17,V$3:V$98,">"&AA17)+COUNTIFS($AK$3:$AK$98,$AK17,W$3:W$98,"<"&AB17,X$3:X$98,">"&AA17)+COUNTIFS($AK$3:$AK$98,$AK17,Y$3:Y$98,"<"&AB17,Z$3:Z$98,">"&AA17)+COUNTIFS($AK$3:$AK$98,$AK17,AA$3:AA$98,"<"&AB17,AB$3:AB$98,">"&AA17)+COUNTIFS($AK$3:$AK$98,$AK17,AC$3:AC$98,"<"&AB17,AD$3:AD$98,">"&AA17)+COUNTIFS($AK$3:$AK$98,$AK17,AE$3:AE$98,"<"&AB17,AF$3:AF$98,">"&AA17)+COUNTIFS($AK$3:$AK$98,$AK17,AG$3:AG$98,"<"&AB17,AH$3:AH$98,">"&AA17)-(AA17<AB17)) -> 0 | BH17: =BG17 -> 0 | BI17: =IF(OR($AK17="",AC17="",AD17=""),0,COUNTIFS($AK$3:$AK$98,$AK17,K$3:K$98,"<"&AD17,L$3:L$98,">"&AC17)+COUNTIFS($AK$3:$AK$98,$AK17,M$3:M$98,"<"&AD17,N$3:N$98,">"&AC17)+COUNTIFS($AK$3:$AK$98,$AK17,O$3:O$98,"<"&AD17,P$3:P$98,">"&AC17)+COUNTIFS($AK$3:$AK$98,$AK17,Q$3:Q$98,"<"&AD17,R$3:R$98,">"&AC17)+COUNTIFS($AK$3:$AK$98,$AK17,S$3:S$98,"<"&AD17,T$3:T$98,">"&AC17)+COUNTIFS($AK$3:$AK$98,$AK17,U$3:U$98,"<"&AD17,V$3:V$98,">"&AC17)+COUNTIFS($AK$3:$AK$98,$AK17,W$3:W$98,"<"&AD17,X$3:X$98,">"&AC17)+COUNTIFS($AK$3:$AK$98,$AK17,Y$3:Y$98,"<"&AD17,Z$3:Z$98,">"&AC17)+COUNTIFS($AK$3:$AK$98,$AK17,AA$3:AA$98,"<"&AD17,AB$3:AB$98,">"&AC17)+COUNTIFS($AK$3:$AK$98,$AK17,AC$3:AC$98,"<"&AD17,AD$3:AD$98,">"&AC17)+COUNTIFS($AK$3:$AK$98,$AK17,AE$3:AE$98,"<"&AD17,AF$3:AF$98,">"&AC17)+COUNTIFS($AK$3:$AK$98,$AK17,AG$3:AG$98,"<"&AD17,AH$3:AH$98,">"&AC17)-(AC17<AD17)) -> 0 | BJ17: =BI17 -> 0 | BK17: =IF(OR($AK17="",AE17="",AF17=""),0,COUNTIFS($AK$3:$AK$98,$AK17,K$3:K$98,"<"&AF17,L$3:L$98,">"&AE17)+COUNTIFS($AK$3:$AK$98,$AK17,M$3:M$98,"<"&AF17,N$3:N$98,">"&AE17)+COUNTIFS($AK$3:$AK$98,$AK17,O$3:O$98,"<"&AF17,P$3:P$98,">"&AE17)+COUNTIFS($AK$3:$AK$98,$AK17,Q$3:Q$98,"<"&AF17,R$3:R$98,">"&AE17)+COUNTIFS($AK$3:$AK$98,$AK17,S$3:S$98,"<"&AF17,T$3:T$98,">"&AE17)+COUNTIFS($AK$3:$AK$98,$AK17,U$3:U$98,"<"&AF17,V$3:V$98,">"&AE17)+COUNTIFS($AK$3:$AK$98,$AK17,W$3:W$98,"<"&AF17,X$3:X$98,">"&AE17)+COUNTIFS($AK$3:$AK$98,$AK17,Y$3:Y$98,"<"&AF17,Z$3:Z$98,">"&AE17)+COUNTIFS($AK$3:$AK$98,$AK17,AA$3:AA$98,"<"&AF17,AB$3:AB$98,">"&AE17)+COUNTIFS($AK$3:$AK$98,$AK17,AC$3:AC$98,"<"&AF17,AD$3:AD$98,">"&AE17)+COUNTIFS($AK$3:$AK$98,$AK17,AE$3:AE$98,"<"&AF17,AF$3:AF$98,">"&AE17)+COUNTIFS($AK$3:$AK$98,$AK17,AG$3:AG$98,"<"&AF17,AH$3:AH$98,">"&AE17)-(AE17<AF17)) -> 0 | BL17: =BK17 -> 0 | BM17: =IF(OR($AK17="",AG17="",AH17=""),0,COUNTIFS($AK$3:$AK$98,$AK17,K$3:K$98,"<"&AH17,L$3:L$98,">"&AG17)+COUNTIFS($AK$3:$AK$98,$AK17,M$3:M$98,"<"&AH17,N$3:N$98,">"&AG17)+COUNTIFS($AK$3:$AK$98,$AK17,O$3:O$98,"<"&AH17,P$3:P$98,">"&AG17)+COUNTIFS($AK$3:$AK$98,$AK17,Q$3:Q$98,"<"&AH17,R$3:R$98,">"&AG17)+COUNTIFS($AK$3:$AK$98,$AK17,S$3:S$98,"<"&AH17,T$3:T$98,">"&AG17)+COUNTIFS($AK$3:$AK$98,$AK17,U$3:U$98,"<"&AH17,V$3:V$98,">"&AG17)+COUNTIFS($AK$3:$AK$98,$AK17,W$3:W$98,"<"&AH17,X$3:X$98,">"&AG17)+COUNTIFS($AK$3:$AK$98,$AK17,Y$3:Y$98,"<"&AH17,Z$3:Z$98,">"&AG17)+COUNTIFS($AK$3:$AK$98,$AK17,AA$3:AA$98,"<"&AH17,AB$3:AB$98,">"&AG17)+COUNTIFS($AK$3:$AK$98,$AK17,AC$3:AC$98,"<"&AH17,AD$3:AD$98,">"&AG17)+COUNTIFS($AK$3:$AK$98,$AK17,AE$3:AE$98,"<"&AH17,AF$3:AF$98,">"&AG17)+COUNTIFS($AK$3:$AK$98,$AK17,AG$3:AG$98,"<"&AH17,AH$3:AH$98,">"&AG17)-(AG17<AH17)) -> 0 | BN17: =BM17 -> 0 | BO17: =IF(ISNUMBER($G17),$G17,"") -> 1 | BP17: =IF(AND($A17<>"",COUNT($K17:$AH17)>0),ROW(),"") -> 17
A18: =IF($A16="","",$A16) -> chBuChildA | B18: =IF($A16="","","high") -> high | D18: 9 | E18: =IF(AND($D18="",COUNT($K18:$AH18)=0),"",IF(K18="",0,MAX(0,NETWORKDAYS(K18,IF(L18<>"",L18,IF($J18<>"",K18,$AI$1)),祝日!$A$2:$A$200)))+IF(M18="",0,MAX(0,NETWORKDAYS(M18,IF(N18<>"",N18,IF($J18<>"",M18,$AI$1)),祝日!$A$2:$A$200)))+IF(O18="",0,MAX(0,NETWORKDAYS(O18,IF(P18<>"",P18,IF($J18<>"",O18,$AI$1)),祝日!$A$2:$A$200)))+IF(Q18="",0,MAX(0,NETWORKDAYS(Q18,IF(R18<>"",R18,IF($J18<>"",Q18,$AI$1)),祝日!$A$2:$A$200)))+IF(S18="",0,MAX(0,NETWORKDAYS(S18,IF(T18<>"",T18,IF($J18<>"",S18,$AI$1)),祝日!$A$2:$A$200)))+IF(U18="",0,MAX(0,NETWORKDAYS(U18,IF(V18<>"",V18,IF($J18<>"",U18,$AI$1)),祝日!$A$2:$A$200)))+IF(W18="",0,MAX(0,NETWORKDAYS(W18,IF(X18<>"",X18,IF($J18<>"",W18,$AI$1)),祝日!$A$2:$A$200)))+IF(Y18="",0,MAX(0,NETWORKDAYS(Y18,IF(Z18<>"",Z18,IF($J18<>"",Y18,$AI$1)),祝日!$A$2:$A$200)))+IF(AA18="",0,MAX(0,NETWORKDAYS(AA18,IF(AB18<>"",AB18,IF($J18<>"",AA18,$AI$1)),祝日!$A$2:$A$200)))+IF(AC18="",0,MAX(0,NETWORKDAYS(AC18,IF(AD18<>"",AD18,IF($J18<>"",AC18,$AI$1)),祝日!$A$2:$A$200)))+IF(AE18="",0,MAX(0,NETWORKDAYS(AE18,IF(AF18<>"",AF18,IF($J18<>"",AE18,$AI$1)),祝日!$A$2:$A$200)))+IF(AG18="",0,MAX(0,NETWORKDAYS(AG18,IF(AH18<>"",AH18,IF($J18<>"",AG18,$AI$1)),祝日!$A$2:$A$200)))) -> 9 | F18: =IF($D18="","",$D18-$E18) -> 0 | G18: =IF(OR($D18="",$D18=0),"",$E18/$D18) -> 1 | H18: =IF($D18="","",IF($J18<>"","FIX",IF(AND(SUMPRODUCT((MOD(COLUMN($K18:$AH18)-COLUMN($K18),2)=0)*($K18:$AH18<>""))=0,SUMPRODUCT((MOD(COLUMN($K18:$AH18)-COLUMN($K18),2)=1)*($K18:$AH18<>""))=0),"未着手",IF(SUMPRODUCT((MOD(COLUMN($K18:$AH18)-COLUMN($K18),2)=0)*($K18:$AH18<>""))>SUMPRODUCT((MOD(COLUMN($K18:$AH18)-COLUMN($K18),2)=1)*($K18:$AH18<>"")),"作業中","中断")))) -> FIX | I18: =IF($H18="中断",MAX(0,$AI$1-MAX(L18,N18,P18,R18,T18,V18,X18,Z18,AB18,AD18,AF18,AH18)),"") | J18: ○ | K18: 46218 | L18: 46231 | AK18: =IF($A16="","",IF(LOOKUP(2,1/($AJ$3:$AJ18<>""),$AJ$3:$AJ18)="-","",LOOKUP(2,1/($AJ$3:$AJ18<>""),$AJ$3:$AJ18))) -> CH01 | AL18: =$H18 -> FIX | AM18: =IF(ISNUMBER($D18),$D18,0) -> 9 | AN18: =IF(ISNUMBER($E18),$E18,0) -> 9 | AO18: =IF(ISNUMBER($F18),$F18,0) -> 0 | AQ18: =IF(OR($AK18="",K18="",L18=""),0,COUNTIFS($AK$3:$AK$98,$AK18,K$3:K$98,"<"&L18,L$3:L$98,">"&K18)+COUNTIFS($AK$3:$AK$98,$AK18,M$3:M$98,"<"&L18,N$3:N$98,">"&K18)+COUNTIFS($AK$3:$AK$98,$AK18,O$3:O$98,"<"&L18,P$3:P$98,">"&K18)+COUNTIFS($AK$3:$AK$98,$AK18,Q$3:Q$98,"<"&L18,R$3:R$98,">"&K18)+COUNTIFS($AK$3:$AK$98,$AK18,S$3:S$98,"<"&L18,T$3:T$98,">"&K18)+COUNTIFS($AK$3:$AK$98,$AK18,U$3:U$98,"<"&L18,V$3:V$98,">"&K18)+COUNTIFS($AK$3:$AK$98,$AK18,W$3:W$98,"<"&L18,X$3:X$98,">"&K18)+COUNTIFS($AK$3:$AK$98,$AK18,Y$3:Y$98,"<"&L18,Z$3:Z$98,">"&K18)+COUNTIFS($AK$3:$AK$98,$AK18,AA$3:AA$98,"<"&L18,AB$3:AB$98,">"&K18)+COUNTIFS($AK$3:$AK$98,$AK18,AC$3:AC$98,"<"&L18,AD$3:AD$98,">"&K18)+COUNTIFS($AK$3:$AK$98,$AK18,AE$3:AE$98,"<"&L18,AF$3:AF$98,">"&K18)+COUNTIFS($AK$3:$AK$98,$AK18,AG$3:AG$98,"<"&L18,AH$3:AH$98,">"&K18)-(K18<L18)) -> 0 | AR18: =AQ18 -> 0 | AS18: =IF(OR($AK18="",M18="",N18=""),0,COUNTIFS($AK$3:$AK$98,$AK18,K$3:K$98,"<"&N18,L$3:L$98,">"&M18)+COUNTIFS($AK$3:$AK$98,$AK18,M$3:M$98,"<"&N18,N$3:N$98,">"&M18)+COUNTIFS($AK$3:$AK$98,$AK18,O$3:O$98,"<"&N18,P$3:P$98,">"&M18)+COUNTIFS($AK$3:$AK$98,$AK18,Q$3:Q$98,"<"&N18,R$3:R$98,">"&M18)+COUNTIFS($AK$3:$AK$98,$AK18,S$3:S$98,"<"&N18,T$3:T$98,">"&M18)+COUNTIFS($AK$3:$AK$98,$AK18,U$3:U$98,"<"&N18,V$3:V$98,">"&M18)+COUNTIFS($AK$3:$AK$98,$AK18,W$3:W$98,"<"&N18,X$3:X$98,">"&M18)+COUNTIFS($AK$3:$AK$98,$AK18,Y$3:Y$98,"<"&N18,Z$3:Z$98,">"&M18)+COUNTIFS($AK$3:$AK$98,$AK18,AA$3:AA$98,"<"&N18,AB$3:AB$98,">"&M18)+COUNTIFS($AK$3:$AK$98,$AK18,AC$3:AC$98,"<"&N18,AD$3:AD$98,">"&M18)+COUNTIFS($AK$3:$AK$98,$AK18,AE$3:AE$98,"<"&N18,AF$3:AF$98,">"&M18)+COUNTIFS($AK$3:$AK$98,$AK18,AG$3:AG$98,"<"&N18,AH$3:AH$98,">"&M18)-(M18<N18)) -> 0 | AT18: =AS18 -> 0 | AU18: =IF(OR($AK18="",O18="",P18=""),0,COUNTIFS($AK$3:$AK$98,$AK18,K$3:K$98,"<"&P18,L$3:L$98,">"&O18)+COUNTIFS($AK$3:$AK$98,$AK18,M$3:M$98,"<"&P18,N$3:N$98,">"&O18)+COUNTIFS($AK$3:$AK$98,$AK18,O$3:O$98,"<"&P18,P$3:P$98,">"&O18)+COUNTIFS($AK$3:$AK$98,$AK18,Q$3:Q$98,"<"&P18,R$3:R$98,">"&O18)+COUNTIFS($AK$3:$AK$98,$AK18,S$3:S$98,"<"&P18,T$3:T$98,">"&O18)+COUNTIFS($AK$3:$AK$98,$AK18,U$3:U$98,"<"&P18,V$3:V$98,">"&O18)+COUNTIFS($AK$3:$AK$98,$AK18,W$3:W$98,"<"&P18,X$3:X$98,">"&O18)+COUNTIFS($AK$3:$AK$98,$AK18,Y$3:Y$98,"<"&P18,Z$3:Z$98,">"&O18)+COUNTIFS($AK$3:$AK$98,$AK18,AA$3:AA$98,"<"&P18,AB$3:AB$98,">"&O18)+COUNTIFS($AK$3:$AK$98,$AK18,AC$3:AC$98,"<"&P18,AD$3:AD$98,">"&O18)+COUNTIFS($AK$3:$AK$98,$AK18,AE$3:AE$98,"<"&P18,AF$3:AF$98,">"&O18)+COUNTIFS($AK$3:$AK$98,$AK18,AG$3:AG$98,"<"&P18,AH$3:AH$98,">"&O18)-(O18<P18)) -> 0 | AV18: =AU18 -> 0 | AW18: =IF(OR($AK18="",Q18="",R18=""),0,COUNTIFS($AK$3:$AK$98,$AK18,K$3:K$98,"<"&R18,L$3:L$98,">"&Q18)+COUNTIFS($AK$3:$AK$98,$AK18,M$3:M$98,"<"&R18,N$3:N$98,">"&Q18)+COUNTIFS($AK$3:$AK$98,$AK18,O$3:O$98,"<"&R18,P$3:P$98,">"&Q18)+COUNTIFS($AK$3:$AK$98,$AK18,Q$3:Q$98,"<"&R18,R$3:R$98,">"&Q18)+COUNTIFS($AK$3:$AK$98,$AK18,S$3:S$98,"<"&R18,T$3:T$98,">"&Q18)+COUNTIFS($AK$3:$AK$98,$AK18,U$3:U$98,"<"&R18,V$3:V$98,">"&Q18)+COUNTIFS($AK$3:$AK$98,$AK18,W$3:W$98,"<"&R18,X$3:X$98,">"&Q18)+COUNTIFS($AK$3:$AK$98,$AK18,Y$3:Y$98,"<"&R18,Z$3:Z$98,">"&Q18)+COUNTIFS($AK$3:$AK$98,$AK18,AA$3:AA$98,"<"&R18,AB$3:AB$98,">"&Q18)+COUNTIFS($AK$3:$AK$98,$AK18,AC$3:AC$98,"<"&R18,AD$3:AD$98,">"&Q18)+COUNTIFS($AK$3:$AK$98,$AK18,AE$3:AE$98,"<"&R18,AF$3:AF$98,">"&Q18)+COUNTIFS($AK$3:$AK$98,$AK18,AG$3:AG$98,"<"&R18,AH$3:AH$98,">"&Q18)-(Q18<R18)) -> 0 | AX18: =AW18 -> 0 | AY18: =IF(OR($AK18="",S18="",T18=""),0,COUNTIFS($AK$3:$AK$98,$AK18,K$3:K$98,"<"&T18,L$3:L$98,">"&S18)+COUNTIFS($AK$3:$AK$98,$AK18,M$3:M$98,"<"&T18,N$3:N$98,">"&S18)+COUNTIFS($AK$3:$AK$98,$AK18,O$3:O$98,"<"&T18,P$3:P$98,">"&S18)+COUNTIFS($AK$3:$AK$98,$AK18,Q$3:Q$98,"<"&T18,R$3:R$98,">"&S18)+COUNTIFS($AK$3:$AK$98,$AK18,S$3:S$98,"<"&T18,T$3:T$98,">"&S18)+COUNTIFS($AK$3:$AK$98,$AK18,U$3:U$98,"<"&T18,V$3:V$98,">"&S18)+COUNTIFS($AK$3:$AK$98,$AK18,W$3:W$98,"<"&T18,X$3:X$98,">"&S18)+COUNTIFS($AK$3:$AK$98,$AK18,Y$3:Y$98,"<"&T18,Z$3:Z$98,">"&S18)+COUNTIFS($AK$3:$AK$98,$AK18,AA$3:AA$98,"<"&T18,AB$3:AB$98,">"&S18)+COUNTIFS($AK$3:$AK$98,$AK18,AC$3:AC$98,"<"&T18,AD$3:AD$98,">"&S18)+COUNTIFS($AK$3:$AK$98,$AK18,AE$3:AE$98,"<"&T18,AF$3:AF$98,">"&S18)+COUNTIFS($AK$3:$AK$98,$AK18,AG$3:AG$98,"<"&T18,AH$3:AH$98,">"&S18)-(S18<T18)) -> 0 | AZ18: =AY18 -> 0 | BA18: =IF(OR($AK18="",U18="",V18=""),0,COUNTIFS($AK$3:$AK$98,$AK18,K$3:K$98,"<"&V18,L$3:L$98,">"&U18)+COUNTIFS($AK$3:$AK$98,$AK18,M$3:M$98,"<"&V18,N$3:N$98,">"&U18)+COUNTIFS($AK$3:$AK$98,$AK18,O$3:O$98,"<"&V18,P$3:P$98,">"&U18)+COUNTIFS($AK$3:$AK$98,$AK18,Q$3:Q$98,"<"&V18,R$3:R$98,">"&U18)+COUNTIFS($AK$3:$AK$98,$AK18,S$3:S$98,"<"&V18,T$3:T$98,">"&U18)+COUNTIFS($AK$3:$AK$98,$AK18,U$3:U$98,"<"&V18,V$3:V$98,">"&U18)+COUNTIFS($AK$3:$AK$98,$AK18,W$3:W$98,"<"&V18,X$3:X$98,">"&U18)+COUNTIFS($AK$3:$AK$98,$AK18,Y$3:Y$98,"<"&V18,Z$3:Z$98,">"&U18)+COUNTIFS($AK$3:$AK$98,$AK18,AA$3:AA$98,"<"&V18,AB$3:AB$98,">"&U18)+COUNTIFS($AK$3:$AK$98,$AK18,AC$3:AC$98,"<"&V18,AD$3:AD$98,">"&U18)+COUNTIFS($AK$3:$AK$98,$AK18,AE$3:AE$98,"<"&V18,AF$3:AF$98,">"&U18)+COUNTIFS($AK$3:$AK$98,$AK18,AG$3:AG$98,"<"&V18,AH$3:AH$98,">"&U18)-(U18<V18)) -> 0 | BB18: =BA18 -> 0 | BC18: =IF(OR($AK18="",W18="",X18=""),0,COUNTIFS($AK$3:$AK$98,$AK18,K$3:K$98,"<"&X18,L$3:L$98,">"&W18)+COUNTIFS($AK$3:$AK$98,$AK18,M$3:M$98,"<"&X18,N$3:N$98,">"&W18)+COUNTIFS($AK$3:$AK$98,$AK18,O$3:O$98,"<"&X18,P$3:P$98,">"&W18)+COUNTIFS($AK$3:$AK$98,$AK18,Q$3:Q$98,"<"&X18,R$3:R$98,">"&W18)+COUNTIFS($AK$3:$AK$98,$AK18,S$3:S$98,"<"&X18,T$3:T$98,">"&W18)+COUNTIFS($AK$3:$AK$98,$AK18,U$3:U$98,"<"&X18,V$3:V$98,">"&W18)+COUNTIFS($AK$3:$AK$98,$AK18,W$3:W$98,"<"&X18,X$3:X$98,">"&W18)+COUNTIFS($AK$3:$AK$98,$AK18,Y$3:Y$98,"<"&X18,Z$3:Z$98,">"&W18)+COUNTIFS($AK$3:$AK$98,$AK18,AA$3:AA$98,"<"&X18,AB$3:AB$98,">"&W18)+COUNTIFS($AK$3:$AK$98,$AK18,AC$3:AC$98,"<"&X18,AD$3:AD$98,">"&W18)+COUNTIFS($AK$3:$AK$98,$AK18,AE$3:AE$98,"<"&X18,AF$3:AF$98,">"&W18)+COUNTIFS($AK$3:$AK$98,$AK18,AG$3:AG$98,"<"&X18,AH$3:AH$98,">"&W18)-(W18<X18)) -> 0 | BD18: =BC18 -> 0 | BE18: =IF(OR($AK18="",Y18="",Z18=""),0,COUNTIFS($AK$3:$AK$98,$AK18,K$3:K$98,"<"&Z18,L$3:L$98,">"&Y18)+COUNTIFS($AK$3:$AK$98,$AK18,M$3:M$98,"<"&Z18,N$3:N$98,">"&Y18)+COUNTIFS($AK$3:$AK$98,$AK18,O$3:O$98,"<"&Z18,P$3:P$98,">"&Y18)+COUNTIFS($AK$3:$AK$98,$AK18,Q$3:Q$98,"<"&Z18,R$3:R$98,">"&Y18)+COUNTIFS($AK$3:$AK$98,$AK18,S$3:S$98,"<"&Z18,T$3:T$98,">"&Y18)+COUNTIFS($AK$3:$AK$98,$AK18,U$3:U$98,"<"&Z18,V$3:V$98,">"&Y18)+COUNTIFS($AK$3:$AK$98,$AK18,W$3:W$98,"<"&Z18,X$3:X$98,">"&Y18)+COUNTIFS($AK$3:$AK$98,$AK18,Y$3:Y$98,"<"&Z18,Z$3:Z$98,">"&Y18)+COUNTIFS($AK$3:$AK$98,$AK18,AA$3:AA$98,"<"&Z18,AB$3:AB$98,">"&Y18)+COUNTIFS($AK$3:$AK$98,$AK18,AC$3:AC$98,"<"&Z18,AD$3:AD$98,">"&Y18)+COUNTIFS($AK$3:$AK$98,$AK18,AE$3:AE$98,"<"&Z18,AF$3:AF$98,">"&Y18)+COUNTIFS($AK$3:$AK$98,$AK18,AG$3:AG$98,"<"&Z18,AH$3:AH$98,">"&Y18)-(Y18<Z18)) -> 0 | BF18: =BE18 -> 0 | BG18: =IF(OR($AK18="",AA18="",AB18=""),0,COUNTIFS($AK$3:$AK$98,$AK18,K$3:K$98,"<"&AB18,L$3:L$98,">"&AA18)+COUNTIFS($AK$3:$AK$98,$AK18,M$3:M$98,"<"&AB18,N$3:N$98,">"&AA18)+COUNTIFS($AK$3:$AK$98,$AK18,O$3:O$98,"<"&AB18,P$3:P$98,">"&AA18)+COUNTIFS($AK$3:$AK$98,$AK18,Q$3:Q$98,"<"&AB18,R$3:R$98,">"&AA18)+COUNTIFS($AK$3:$AK$98,$AK18,S$3:S$98,"<"&AB18,T$3:T$98,">"&AA18)+COUNTIFS($AK$3:$AK$98,$AK18,U$3:U$98,"<"&AB18,V$3:V$98,">"&AA18)+COUNTIFS($AK$3:$AK$98,$AK18,W$3:W$98,"<"&AB18,X$3:X$98,">"&AA18)+COUNTIFS($AK$3:$AK$98,$AK18,Y$3:Y$98,"<"&AB18,Z$3:Z$98,">"&AA18)+COUNTIFS($AK$3:$AK$98,$AK18,AA$3:AA$98,"<"&AB18,AB$3:AB$98,">"&AA18)+COUNTIFS($AK$3:$AK$98,$AK18,AC$3:AC$98,"<"&AB18,AD$3:AD$98,">"&AA18)+COUNTIFS($AK$3:$AK$98,$AK18,AE$3:AE$98,"<"&AB18,AF$3:AF$98,">"&AA18)+COUNTIFS($AK$3:$AK$98,$AK18,AG$3:AG$98,"<"&AB18,AH$3:AH$98,">"&AA18)-(AA18<AB18)) -> 0 | BH18: =BG18 -> 0 | BI18: =IF(OR($AK18="",AC18="",AD18=""),0,COUNTIFS($AK$3:$AK$98,$AK18,K$3:K$98,"<"&AD18,L$3:L$98,">"&AC18)+COUNTIFS($AK$3:$AK$98,$AK18,M$3:M$98,"<"&AD18,N$3:N$98,">"&AC18)+COUNTIFS($AK$3:$AK$98,$AK18,O$3:O$98,"<"&AD18,P$3:P$98,">"&AC18)+COUNTIFS($AK$3:$AK$98,$AK18,Q$3:Q$98,"<"&AD18,R$3:R$98,">"&AC18)+COUNTIFS($AK$3:$AK$98,$AK18,S$3:S$98,"<"&AD18,T$3:T$98,">"&AC18)+COUNTIFS($AK$3:$AK$98,$AK18,U$3:U$98,"<"&AD18,V$3:V$98,">"&AC18)+COUNTIFS($AK$3:$AK$98,$AK18,W$3:W$98,"<"&AD18,X$3:X$98,">"&AC18)+COUNTIFS($AK$3:$AK$98,$AK18,Y$3:Y$98,"<"&AD18,Z$3:Z$98,">"&AC18)+COUNTIFS($AK$3:$AK$98,$AK18,AA$3:AA$98,"<"&AD18,AB$3:AB$98,">"&AC18)+COUNTIFS($AK$3:$AK$98,$AK18,AC$3:AC$98,"<"&AD18,AD$3:AD$98,">"&AC18)+COUNTIFS($AK$3:$AK$98,$AK18,AE$3:AE$98,"<"&AD18,AF$3:AF$98,">"&AC18)+COUNTIFS($AK$3:$AK$98,$AK18,AG$3:AG$98,"<"&AD18,AH$3:AH$98,">"&AC18)-(AC18<AD18)) -> 0 | BJ18: =BI18 -> 0 | BK18: =IF(OR($AK18="",AE18="",AF18=""),0,COUNTIFS($AK$3:$AK$98,$AK18,K$3:K$98,"<"&AF18,L$3:L$98,">"&AE18)+COUNTIFS($AK$3:$AK$98,$AK18,M$3:M$98,"<"&AF18,N$3:N$98,">"&AE18)+COUNTIFS($AK$3:$AK$98,$AK18,O$3:O$98,"<"&AF18,P$3:P$98,">"&AE18)+COUNTIFS($AK$3:$AK$98,$AK18,Q$3:Q$98,"<"&AF18,R$3:R$98,">"&AE18)+COUNTIFS($AK$3:$AK$98,$AK18,S$3:S$98,"<"&AF18,T$3:T$98,">"&AE18)+COUNTIFS($AK$3:$AK$98,$AK18,U$3:U$98,"<"&AF18,V$3:V$98,">"&AE18)+COUNTIFS($AK$3:$AK$98,$AK18,W$3:W$98,"<"&AF18,X$3:X$98,">"&AE18)+COUNTIFS($AK$3:$AK$98,$AK18,Y$3:Y$98,"<"&AF18,Z$3:Z$98,">"&AE18)+COUNTIFS($AK$3:$AK$98,$AK18,AA$3:AA$98,"<"&AF18,AB$3:AB$98,">"&AE18)+COUNTIFS($AK$3:$AK$98,$AK18,AC$3:AC$98,"<"&AF18,AD$3:AD$98,">"&AE18)+COUNTIFS($AK$3:$AK$98,$AK18,AE$3:AE$98,"<"&AF18,AF$3:AF$98,">"&AE18)+COUNTIFS($AK$3:$AK$98,$AK18,AG$3:AG$98,"<"&AF18,AH$3:AH$98,">"&AE18)-(AE18<AF18)) -> 0 | BL18: =BK18 -> 0 | BM18: =IF(OR($AK18="",AG18="",AH18=""),0,COUNTIFS($AK$3:$AK$98,$AK18,K$3:K$98,"<"&AH18,L$3:L$98,">"&AG18)+COUNTIFS($AK$3:$AK$98,$AK18,M$3:M$98,"<"&AH18,N$3:N$98,">"&AG18)+COUNTIFS($AK$3:$AK$98,$AK18,O$3:O$98,"<"&AH18,P$3:P$98,">"&AG18)+COUNTIFS($AK$3:$AK$98,$AK18,Q$3:Q$98,"<"&AH18,R$3:R$98,">"&AG18)+COUNTIFS($AK$3:$AK$98,$AK18,S$3:S$98,"<"&AH18,T$3:T$98,">"&AG18)+COUNTIFS($AK$3:$AK$98,$AK18,U$3:U$98,"<"&AH18,V$3:V$98,">"&AG18)+COUNTIFS($AK$3:$AK$98,$AK18,W$3:W$98,"<"&AH18,X$3:X$98,">"&AG18)+COUNTIFS($AK$3:$AK$98,$AK18,Y$3:Y$98,"<"&AH18,Z$3:Z$98,">"&AG18)+COUNTIFS($AK$3:$AK$98,$AK18,AA$3:AA$98,"<"&AH18,AB$3:AB$98,">"&AG18)+COUNTIFS($AK$3:$AK$98,$AK18,AC$3:AC$98,"<"&AH18,AD$3:AD$98,">"&AG18)+COUNTIFS($AK$3:$AK$98,$AK18,AE$3:AE$98,"<"&AH18,AF$3:AF$98,">"&AG18)+COUNTIFS($AK$3:$AK$98,$AK18,AG$3:AG$98,"<"&AH18,AH$3:AH$98,">"&AG18)-(AG18<AH18)) -> 0 | BN18: =BM18 -> 0 | BO18: =IF(ISNUMBER($G18),$G18,"") -> 1 | BP18: =IF(AND($A18<>"",COUNT($K18:$AH18)>0),ROW(),"") -> 18
A19: =IF($A16="","",$A16) -> chBuChildA | B19: =IF($A16="","","fac") -> fac | D19: 11 | E19: =IF(AND($D19="",COUNT($K19:$AH19)=0),"",IF(K19="",0,MAX(0,NETWORKDAYS(K19,IF(L19<>"",L19,IF($J19<>"",K19,$AI$1)),祝日!$A$2:$A$200)))+IF(M19="",0,MAX(0,NETWORKDAYS(M19,IF(N19<>"",N19,IF($J19<>"",M19,$AI$1)),祝日!$A$2:$A$200)))+IF(O19="",0,MAX(0,NETWORKDAYS(O19,IF(P19<>"",P19,IF($J19<>"",O19,$AI$1)),祝日!$A$2:$A$200)))+IF(Q19="",0,MAX(0,NETWORKDAYS(Q19,IF(R19<>"",R19,IF($J19<>"",Q19,$AI$1)),祝日!$A$2:$A$200)))+IF(S19="",0,MAX(0,NETWORKDAYS(S19,IF(T19<>"",T19,IF($J19<>"",S19,$AI$1)),祝日!$A$2:$A$200)))+IF(U19="",0,MAX(0,NETWORKDAYS(U19,IF(V19<>"",V19,IF($J19<>"",U19,$AI$1)),祝日!$A$2:$A$200)))+IF(W19="",0,MAX(0,NETWORKDAYS(W19,IF(X19<>"",X19,IF($J19<>"",W19,$AI$1)),祝日!$A$2:$A$200)))+IF(Y19="",0,MAX(0,NETWORKDAYS(Y19,IF(Z19<>"",Z19,IF($J19<>"",Y19,$AI$1)),祝日!$A$2:$A$200)))+IF(AA19="",0,MAX(0,NETWORKDAYS(AA19,IF(AB19<>"",AB19,IF($J19<>"",AA19,$AI$1)),祝日!$A$2:$A$200)))+IF(AC19="",0,MAX(0,NETWORKDAYS(AC19,IF(AD19<>"",AD19,IF($J19<>"",AC19,$AI$1)),祝日!$A$2:$A$200)))+IF(AE19="",0,MAX(0,NETWORKDAYS(AE19,IF(AF19<>"",AF19,IF($J19<>"",AE19,$AI$1)),祝日!$A$2:$A$200)))+IF(AG19="",0,MAX(0,NETWORKDAYS(AG19,IF(AH19<>"",AH19,IF($J19<>"",AG19,$AI$1)),祝日!$A$2:$A$200)))) -> 11 | F19: =IF($D19="","",$D19-$E19) -> 0 | G19: =IF(OR($D19="",$D19=0),"",$E19/$D19) -> 1 | H19: =IF($D19="","",IF($J19<>"","FIX",IF(AND(SUMPRODUCT((MOD(COLUMN($K19:$AH19)-COLUMN($K19),2)=0)*($K19:$AH19<>""))=0,SUMPRODUCT((MOD(COLUMN($K19:$AH19)-COLUMN($K19),2)=1)*($K19:$AH19<>""))=0),"未着手",IF(SUMPRODUCT((MOD(COLUMN($K19:$AH19)-COLUMN($K19),2)=0)*($K19:$AH19<>""))>SUMPRODUCT((MOD(COLUMN($K19:$AH19)-COLUMN($K19),2)=1)*($K19:$AH19<>"")),"作業中","中断")))) -> FIX | I19: =IF($H19="中断",MAX(0,$AI$1-MAX(L19,N19,P19,R19,T19,V19,X19,Z19,AB19,AD19,AF19,AH19)),"") | J19: ○ | K19: 46261 | L19: 46275 | AK19: =IF($A16="","",IF(LOOKUP(2,1/($AJ$3:$AJ19<>""),$AJ$3:$AJ19)="-","",LOOKUP(2,1/($AJ$3:$AJ19<>""),$AJ$3:$AJ19))) -> CH01 | AL19: =$H19 -> FIX | AM19: =IF(ISNUMBER($D19),$D19,0) -> 11 | AN19: =IF(ISNUMBER($E19),$E19,0) -> 11 | AO19: =IF(ISNUMBER($F19),$F19,0) -> 0 | AQ19: =IF(OR($AK19="",K19="",L19=""),0,COUNTIFS($AK$3:$AK$98,$AK19,K$3:K$98,"<"&L19,L$3:L$98,">"&K19)+COUNTIFS($AK$3:$AK$98,$AK19,M$3:M$98,"<"&L19,N$3:N$98,">"&K19)+COUNTIFS($AK$3:$AK$98,$AK19,O$3:O$98,"<"&L19,P$3:P$98,">"&K19)+COUNTIFS($AK$3:$AK$98,$AK19,Q$3:Q$98,"<"&L19,R$3:R$98,">"&K19)+COUNTIFS($AK$3:$AK$98,$AK19,S$3:S$98,"<"&L19,T$3:T$98,">"&K19)+COUNTIFS($AK$3:$AK$98,$AK19,U$3:U$98,"<"&L19,V$3:V$98,">"&K19)+COUNTIFS($AK$3:$AK$98,$AK19,W$3:W$98,"<"&L19,X$3:X$98,">"&K19)+COUNTIFS($AK$3:$AK$98,$AK19,Y$3:Y$98,"<"&L19,Z$3:Z$98,">"&K19)+COUNTIFS($AK$3:$AK$98,$AK19,AA$3:AA$98,"<"&L19,AB$3:AB$98,">"&K19)+COUNTIFS($AK$3:$AK$98,$AK19,AC$3:AC$98,"<"&L19,AD$3:AD$98,">"&K19)+COUNTIFS($AK$3:$AK$98,$AK19,AE$3:AE$98,"<"&L19,AF$3:AF$98,">"&K19)+COUNTIFS($AK$3:$AK$98,$AK19,AG$3:AG$98,"<"&L19,AH$3:AH$98,">"&K19)-(K19<L19)) -> 0 | AR19: =AQ19 -> 0 | AS19: =IF(OR($AK19="",M19="",N19=""),0,COUNTIFS($AK$3:$AK$98,$AK19,K$3:K$98,"<"&N19,L$3:L$98,">"&M19)+COUNTIFS($AK$3:$AK$98,$AK19,M$3:M$98,"<"&N19,N$3:N$98,">"&M19)+COUNTIFS($AK$3:$AK$98,$AK19,O$3:O$98,"<"&N19,P$3:P$98,">"&M19)+COUNTIFS($AK$3:$AK$98,$AK19,Q$3:Q$98,"<"&N19,R$3:R$98,">"&M19)+COUNTIFS($AK$3:$AK$98,$AK19,S$3:S$98,"<"&N19,T$3:T$98,">"&M19)+COUNTIFS($AK$3:$AK$98,$AK19,U$3:U$98,"<"&N19,V$3:V$98,">"&M19)+COUNTIFS($AK$3:$AK$98,$AK19,W$3:W$98,"<"&N19,X$3:X$98,">"&M19)+COUNTIFS($AK$3:$AK$98,$AK19,Y$3:Y$98,"<"&N19,Z$3:Z$98,">"&M19)+COUNTIFS($AK$3:$AK$98,$AK19,AA$3:AA$98,"<"&N19,AB$3:AB$98,">"&M19)+COUNTIFS($AK$3:$AK$98,$AK19,AC$3:AC$98,"<"&N19,AD$3:AD$98,">"&M19)+COUNTIFS($AK$3:$AK$98,$AK19,AE$3:AE$98,"<"&N19,AF$3:AF$98,">"&M19)+COUNTIFS($AK$3:$AK$98,$AK19,AG$3:AG$98,"<"&N19,AH$3:AH$98,">"&M19)-(M19<N19)) -> 0 | AT19: =AS19 -> 0 | AU19: =IF(OR($AK19="",O19="",P19=""),0,COUNTIFS($AK$3:$AK$98,$AK19,K$3:K$98,"<"&P19,L$3:L$98,">"&O19)+COUNTIFS($AK$3:$AK$98,$AK19,M$3:M$98,"<"&P19,N$3:N$98,">"&O19)+COUNTIFS($AK$3:$AK$98,$AK19,O$3:O$98,"<"&P19,P$3:P$98,">"&O19)+COUNTIFS($AK$3:$AK$98,$AK19,Q$3:Q$98,"<"&P19,R$3:R$98,">"&O19)+COUNTIFS($AK$3:$AK$98,$AK19,S$3:S$98,"<"&P19,T$3:T$98,">"&O19)+COUNTIFS($AK$3:$AK$98,$AK19,U$3:U$98,"<"&P19,V$3:V$98,">"&O19)+COUNTIFS($AK$3:$AK$98,$AK19,W$3:W$98,"<"&P19,X$3:X$98,">"&O19)+COUNTIFS($AK$3:$AK$98,$AK19,Y$3:Y$98,"<"&P19,Z$3:Z$98,">"&O19)+COUNTIFS($AK$3:$AK$98,$AK19,AA$3:AA$98,"<"&P19,AB$3:AB$98,">"&O19)+COUNTIFS($AK$3:$AK$98,$AK19,AC$3:AC$98,"<"&P19,AD$3:AD$98,">"&O19)+COUNTIFS($AK$3:$AK$98,$AK19,AE$3:AE$98,"<"&P19,AF$3:AF$98,">"&O19)+COUNTIFS($AK$3:$AK$98,$AK19,AG$3:AG$98,"<"&P19,AH$3:AH$98,">"&O19)-(O19<P19)) -> 0 | AV19: =AU19 -> 0 | AW19: =IF(OR($AK19="",Q19="",R19=""),0,COUNTIFS($AK$3:$AK$98,$AK19,K$3:K$98,"<"&R19,L$3:L$98,">"&Q19)+COUNTIFS($AK$3:$AK$98,$AK19,M$3:M$98,"<"&R19,N$3:N$98,">"&Q19)+COUNTIFS($AK$3:$AK$98,$AK19,O$3:O$98,"<"&R19,P$3:P$98,">"&Q19)+COUNTIFS($AK$3:$AK$98,$AK19,Q$3:Q$98,"<"&R19,R$3:R$98,">"&Q19)+COUNTIFS($AK$3:$AK$98,$AK19,S$3:S$98,"<"&R19,T$3:T$98,">"&Q19)+COUNTIFS($AK$3:$AK$98,$AK19,U$3:U$98,"<"&R19,V$3:V$98,">"&Q19)+COUNTIFS($AK$3:$AK$98,$AK19,W$3:W$98,"<"&R19,X$3:X$98,">"&Q19)+COUNTIFS($AK$3:$AK$98,$AK19,Y$3:Y$98,"<"&R19,Z$3:Z$98,">"&Q19)+COUNTIFS($AK$3:$AK$98,$AK19,AA$3:AA$98,"<"&R19,AB$3:AB$98,">"&Q19)+COUNTIFS($AK$3:$AK$98,$AK19,AC$3:AC$98,"<"&R19,AD$3:AD$98,">"&Q19)+COUNTIFS($AK$3:$AK$98,$AK19,AE$3:AE$98,"<"&R19,AF$3:AF$98,">"&Q19)+COUNTIFS($AK$3:$AK$98,$AK19,AG$3:AG$98,"<"&R19,AH$3:AH$98,">"&Q19)-(Q19<R19)) -> 0 | AX19: =AW19 -> 0 | AY19: =IF(OR($AK19="",S19="",T19=""),0,COUNTIFS($AK$3:$AK$98,$AK19,K$3:K$98,"<"&T19,L$3:L$98,">"&S19)+COUNTIFS($AK$3:$AK$98,$AK19,M$3:M$98,"<"&T19,N$3:N$98,">"&S19)+COUNTIFS($AK$3:$AK$98,$AK19,O$3:O$98,"<"&T19,P$3:P$98,">"&S19)+COUNTIFS($AK$3:$AK$98,$AK19,Q$3:Q$98,"<"&T19,R$3:R$98,">"&S19)+COUNTIFS($AK$3:$AK$98,$AK19,S$3:S$98,"<"&T19,T$3:T$98,">"&S19)+COUNTIFS($AK$3:$AK$98,$AK19,U$3:U$98,"<"&T19,V$3:V$98,">"&S19)+COUNTIFS($AK$3:$AK$98,$AK19,W$3:W$98,"<"&T19,X$3:X$98,">"&S19)+COUNTIFS($AK$3:$AK$98,$AK19,Y$3:Y$98,"<"&T19,Z$3:Z$98,">"&S19)+COUNTIFS($AK$3:$AK$98,$AK19,AA$3:AA$98,"<"&T19,AB$3:AB$98,">"&S19)+COUNTIFS($AK$3:$AK$98,$AK19,AC$3:AC$98,"<"&T19,AD$3:AD$98,">"&S19)+COUNTIFS($AK$3:$AK$98,$AK19,AE$3:AE$98,"<"&T19,AF$3:AF$98,">"&S19)+COUNTIFS($AK$3:$AK$98,$AK19,AG$3:AG$98,"<"&T19,AH$3:AH$98,">"&S19)-(S19<T19)) -> 0 | AZ19: =AY19 -> 0 | BA19: =IF(OR($AK19="",U19="",V19=""),0,COUNTIFS($AK$3:$AK$98,$AK19,K$3:K$98,"<"&V19,L$3:L$98,">"&U19)+COUNTIFS($AK$3:$AK$98,$AK19,M$3:M$98,"<"&V19,N$3:N$98,">"&U19)+COUNTIFS($AK$3:$AK$98,$AK19,O$3:O$98,"<"&V19,P$3:P$98,">"&U19)+COUNTIFS($AK$3:$AK$98,$AK19,Q$3:Q$98,"<"&V19,R$3:R$98,">"&U19)+COUNTIFS($AK$3:$AK$98,$AK19,S$3:S$98,"<"&V19,T$3:T$98,">"&U19)+COUNTIFS($AK$3:$AK$98,$AK19,U$3:U$98,"<"&V19,V$3:V$98,">"&U19)+COUNTIFS($AK$3:$AK$98,$AK19,W$3:W$98,"<"&V19,X$3:X$98,">"&U19)+COUNTIFS($AK$3:$AK$98,$AK19,Y$3:Y$98,"<"&V19,Z$3:Z$98,">"&U19)+COUNTIFS($AK$3:$AK$98,$AK19,AA$3:AA$98,"<"&V19,AB$3:AB$98,">"&U19)+COUNTIFS($AK$3:$AK$98,$AK19,AC$3:AC$98,"<"&V19,AD$3:AD$98,">"&U19)+COUNTIFS($AK$3:$AK$98,$AK19,AE$3:AE$98,"<"&V19,AF$3:AF$98,">"&U19)+COUNTIFS($AK$3:$AK$98,$AK19,AG$3:AG$98,"<"&V19,AH$3:AH$98,">"&U19)-(U19<V19)) -> 0 | BB19: =BA19 -> 0 | BC19: =IF(OR($AK19="",W19="",X19=""),0,COUNTIFS($AK$3:$AK$98,$AK19,K$3:K$98,"<"&X19,L$3:L$98,">"&W19)+COUNTIFS($AK$3:$AK$98,$AK19,M$3:M$98,"<"&X19,N$3:N$98,">"&W19)+COUNTIFS($AK$3:$AK$98,$AK19,O$3:O$98,"<"&X19,P$3:P$98,">"&W19)+COUNTIFS($AK$3:$AK$98,$AK19,Q$3:Q$98,"<"&X19,R$3:R$98,">"&W19)+COUNTIFS($AK$3:$AK$98,$AK19,S$3:S$98,"<"&X19,T$3:T$98,">"&W19)+COUNTIFS($AK$3:$AK$98,$AK19,U$3:U$98,"<"&X19,V$3:V$98,">"&W19)+COUNTIFS($AK$3:$AK$98,$AK19,W$3:W$98,"<"&X19,X$3:X$98,">"&W19)+COUNTIFS($AK$3:$AK$98,$AK19,Y$3:Y$98,"<"&X19,Z$3:Z$98,">"&W19)+COUNTIFS($AK$3:$AK$98,$AK19,AA$3:AA$98,"<"&X19,AB$3:AB$98,">"&W19)+COUNTIFS($AK$3:$AK$98,$AK19,AC$3:AC$98,"<"&X19,AD$3:AD$98,">"&W19)+COUNTIFS($AK$3:$AK$98,$AK19,AE$3:AE$98,"<"&X19,AF$3:AF$98,">"&W19)+COUNTIFS($AK$3:$AK$98,$AK19,AG$3:AG$98,"<"&X19,AH$3:AH$98,">"&W19)-(W19<X19)) -> 0 | BD19: =BC19 -> 0 | BE19: =IF(OR($AK19="",Y19="",Z19=""),0,COUNTIFS($AK$3:$AK$98,$AK19,K$3:K$98,"<"&Z19,L$3:L$98,">"&Y19)+COUNTIFS($AK$3:$AK$98,$AK19,M$3:M$98,"<"&Z19,N$3:N$98,">"&Y19)+COUNTIFS($AK$3:$AK$98,$AK19,O$3:O$98,"<"&Z19,P$3:P$98,">"&Y19)+COUNTIFS($AK$3:$AK$98,$AK19,Q$3:Q$98,"<"&Z19,R$3:R$98,">"&Y19)+COUNTIFS($AK$3:$AK$98,$AK19,S$3:S$98,"<"&Z19,T$3:T$98,">"&Y19)+COUNTIFS($AK$3:$AK$98,$AK19,U$3:U$98,"<"&Z19,V$3:V$98,">"&Y19)+COUNTIFS($AK$3:$AK$98,$AK19,W$3:W$98,"<"&Z19,X$3:X$98,">"&Y19)+COUNTIFS($AK$3:$AK$98,$AK19,Y$3:Y$98,"<"&Z19,Z$3:Z$98,">"&Y19)+COUNTIFS($AK$3:$AK$98,$AK19,AA$3:AA$98,"<"&Z19,AB$3:AB$98,">"&Y19)+COUNTIFS($AK$3:$AK$98,$AK19,AC$3:AC$98,"<"&Z19,AD$3:AD$98,">"&Y19)+COUNTIFS($AK$3:$AK$98,$AK19,AE$3:AE$98,"<"&Z19,AF$3:AF$98,">"&Y19)+COUNTIFS($AK$3:$AK$98,$AK19,AG$3:AG$98,"<"&Z19,AH$3:AH$98,">"&Y19)-(Y19<Z19)) -> 0 | BF19: =BE19 -> 0 | BG19: =IF(OR($AK19="",AA19="",AB19=""),0,COUNTIFS($AK$3:$AK$98,$AK19,K$3:K$98,"<"&AB19,L$3:L$98,">"&AA19)+COUNTIFS($AK$3:$AK$98,$AK19,M$3:M$98,"<"&AB19,N$3:N$98,">"&AA19)+COUNTIFS($AK$3:$AK$98,$AK19,O$3:O$98,"<"&AB19,P$3:P$98,">"&AA19)+COUNTIFS($AK$3:$AK$98,$AK19,Q$3:Q$98,"<"&AB19,R$3:R$98,">"&AA19)+COUNTIFS($AK$3:$AK$98,$AK19,S$3:S$98,"<"&AB19,T$3:T$98,">"&AA19)+COUNTIFS($AK$3:$AK$98,$AK19,U$3:U$98,"<"&AB19,V$3:V$98,">"&AA19)+COUNTIFS($AK$3:$AK$98,$AK19,W$3:W$98,"<"&AB19,X$3:X$98,">"&AA19)+COUNTIFS($AK$3:$AK$98,$AK19,Y$3:Y$98,"<"&AB19,Z$3:Z$98,">"&AA19)+COUNTIFS($AK$3:$AK$98,$AK19,AA$3:AA$98,"<"&AB19,AB$3:AB$98,">"&AA19)+COUNTIFS($AK$3:$AK$98,$AK19,AC$3:AC$98,"<"&AB19,AD$3:AD$98,">"&AA19)+COUNTIFS($AK$3:$AK$98,$AK19,AE$3:AE$98,"<"&AB19,AF$3:AF$98,">"&AA19)+COUNTIFS($AK$3:$AK$98,$AK19,AG$3:AG$98,"<"&AB19,AH$3:AH$98,">"&AA19)-(AA19<AB19)) -> 0 | BH19: =BG19 -> 0 | BI19: =IF(OR($AK19="",AC19="",AD19=""),0,COUNTIFS($AK$3:$AK$98,$AK19,K$3:K$98,"<"&AD19,L$3:L$98,">"&AC19)+COUNTIFS($AK$3:$AK$98,$AK19,M$3:M$98,"<"&AD19,N$3:N$98,">"&AC19)+COUNTIFS($AK$3:$AK$98,$AK19,O$3:O$98,"<"&AD19,P$3:P$98,">"&AC19)+COUNTIFS($AK$3:$AK$98,$AK19,Q$3:Q$98,"<"&AD19,R$3:R$98,">"&AC19)+COUNTIFS($AK$3:$AK$98,$AK19,S$3:S$98,"<"&AD19,T$3:T$98,">"&AC19)+COUNTIFS($AK$3:$AK$98,$AK19,U$3:U$98,"<"&AD19,V$3:V$98,">"&AC19)+COUNTIFS($AK$3:$AK$98,$AK19,W$3:W$98,"<"&AD19,X$3:X$98,">"&AC19)+COUNTIFS($AK$3:$AK$98,$AK19,Y$3:Y$98,"<"&AD19,Z$3:Z$98,">"&AC19)+COUNTIFS($AK$3:$AK$98,$AK19,AA$3:AA$98,"<"&AD19,AB$3:AB$98,">"&AC19)+COUNTIFS($AK$3:$AK$98,$AK19,AC$3:AC$98,"<"&AD19,AD$3:AD$98,">"&AC19)+COUNTIFS($AK$3:$AK$98,$AK19,AE$3:AE$98,"<"&AD19,AF$3:AF$98,">"&AC19)+COUNTIFS($AK$3:$AK$98,$AK19,AG$3:AG$98,"<"&AD19,AH$3:AH$98,">"&AC19)-(AC19<AD19)) -> 0 | BJ19: =BI19 -> 0 | BK19: =IF(OR($AK19="",AE19="",AF19=""),0,COUNTIFS($AK$3:$AK$98,$AK19,K$3:K$98,"<"&AF19,L$3:L$98,">"&AE19)+COUNTIFS($AK$3:$AK$98,$AK19,M$3:M$98,"<"&AF19,N$3:N$98,">"&AE19)+COUNTIFS($AK$3:$AK$98,$AK19,O$3:O$98,"<"&AF19,P$3:P$98,">"&AE19)+COUNTIFS($AK$3:$AK$98,$AK19,Q$3:Q$98,"<"&AF19,R$3:R$98,">"&AE19)+COUNTIFS($AK$3:$AK$98,$AK19,S$3:S$98,"<"&AF19,T$3:T$98,">"&AE19)+COUNTIFS($AK$3:$AK$98,$AK19,U$3:U$98,"<"&AF19,V$3:V$98,">"&AE19)+COUNTIFS($AK$3:$AK$98,$AK19,W$3:W$98,"<"&AF19,X$3:X$98,">"&AE19)+COUNTIFS($AK$3:$AK$98,$AK19,Y$3:Y$98,"<"&AF19,Z$3:Z$98,">"&AE19)+COUNTIFS($AK$3:$AK$98,$AK19,AA$3:AA$98,"<"&AF19,AB$3:AB$98,">"&AE19)+COUNTIFS($AK$3:$AK$98,$AK19,AC$3:AC$98,"<"&AF19,AD$3:AD$98,">"&AE19)+COUNTIFS($AK$3:$AK$98,$AK19,AE$3:AE$98,"<"&AF19,AF$3:AF$98,">"&AE19)+COUNTIFS($AK$3:$AK$98,$AK19,AG$3:AG$98,"<"&AF19,AH$3:AH$98,">"&AE19)-(AE19<AF19)) -> 0 | BL19: =BK19 -> 0 | BM19: =IF(OR($AK19="",AG19="",AH19=""),0,COUNTIFS($AK$3:$AK$98,$AK19,K$3:K$98,"<"&AH19,L$3:L$98,">"&AG19)+COUNTIFS($AK$3:$AK$98,$AK19,M$3:M$98,"<"&AH19,N$3:N$98,">"&AG19)+COUNTIFS($AK$3:$AK$98,$AK19,O$3:O$98,"<"&AH19,P$3:P$98,">"&AG19)+COUNTIFS($AK$3:$AK$98,$AK19,Q$3:Q$98,"<"&AH19,R$3:R$98,">"&AG19)+COUNTIFS($AK$3:$AK$98,$AK19,S$3:S$98,"<"&AH19,T$3:T$98,">"&AG19)+COUNTIFS($AK$3:$AK$98,$AK19,U$3:U$98,"<"&AH19,V$3:V$98,">"&AG19)+COUNTIFS($AK$3:$AK$98,$AK19,W$3:W$98,"<"&AH19,X$3:X$98,">"&AG19)+COUNTIFS($AK$3:$AK$98,$AK19,Y$3:Y$98,"<"&AH19,Z$3:Z$98,">"&AG19)+COUNTIFS($AK$3:$AK$98,$AK19,AA$3:AA$98,"<"&AH19,AB$3:AB$98,">"&AG19)+COUNTIFS($AK$3:$AK$98,$AK19,AC$3:AC$98,"<"&AH19,AD$3:AD$98,">"&AG19)+COUNTIFS($AK$3:$AK$98,$AK19,AE$3:AE$98,"<"&AH19,AF$3:AF$98,">"&AG19)+COUNTIFS($AK$3:$AK$98,$AK19,AG$3:AG$98,"<"&AH19,AH$3:AH$98,">"&AG19)-(AG19<AH19)) -> 0 | BN19: =BM19 -> 0 | BO19: =IF(ISNUMBER($G19),$G19,"") -> 1 | BP19: =IF(AND($A19<>"",COUNT($K19:$AH19)>0),ROW(),"") -> 19
A20: chGkChildA | B20: =IF($A20="","","total") -> total | D20: =IF($A20="","",SUM(D21:D23)) -> 24 | E20: =IF($A20="","",SUM(E21:E23)) -> 24 | F20: =IF($A20="","",D20-E20) -> 0 | G20: =IF($A20="","",IFERROR(AVERAGEIFS(G21:G23,H21:H23,"<>未着手",H21:H23,"<>作業中"),"")) -> 1
A21: =IF($A20="","",$A20) -> chGkChildA | B21: =IF($A20="","","low") -> low | D21: 6 | E21: =IF(AND($D21="",COUNT($K21:$AH21)=0),"",IF(K21="",0,MAX(0,NETWORKDAYS(K21,IF(L21<>"",L21,IF($J21<>"",K21,$AI$1)),祝日!$A$2:$A$200)))+IF(M21="",0,MAX(0,NETWORKDAYS(M21,IF(N21<>"",N21,IF($J21<>"",M21,$AI$1)),祝日!$A$2:$A$200)))+IF(O21="",0,MAX(0,NETWORKDAYS(O21,IF(P21<>"",P21,IF($J21<>"",O21,$AI$1)),祝日!$A$2:$A$200)))+IF(Q21="",0,MAX(0,NETWORKDAYS(Q21,IF(R21<>"",R21,IF($J21<>"",Q21,$AI$1)),祝日!$A$2:$A$200)))+IF(S21="",0,MAX(0,NETWORKDAYS(S21,IF(T21<>"",T21,IF($J21<>"",S21,$AI$1)),祝日!$A$2:$A$200)))+IF(U21="",0,MAX(0,NETWORKDAYS(U21,IF(V21<>"",V21,IF($J21<>"",U21,$AI$1)),祝日!$A$2:$A$200)))+IF(W21="",0,MAX(0,NETWORKDAYS(W21,IF(X21<>"",X21,IF($J21<>"",W21,$AI$1)),祝日!$A$2:$A$200)))+IF(Y21="",0,MAX(0,NETWORKDAYS(Y21,IF(Z21<>"",Z21,IF($J21<>"",Y21,$AI$1)),祝日!$A$2:$A$200)))+IF(AA21="",0,MAX(0,NETWORKDAYS(AA21,IF(AB21<>"",AB21,IF($J21<>"",AA21,$AI$1)),祝日!$A$2:$A$200)))+IF(AC21="",0,MAX(0,NETWORKDAYS(AC21,IF(AD21<>"",AD21,IF($J21<>"",AC21,$AI$1)),祝日!$A$2:$A$200)))+IF(AE21="",0,MAX(0,NETWORKDAYS(AE21,IF(AF21<>"",AF21,IF($J21<>"",AE21,$AI$1)),祝日!$A$2:$A$200)))+IF(AG21="",0,MAX(0,NETWORKDAYS(AG21,IF(AH21<>"",AH21,IF($J21<>"",AG21,$AI$1)),祝日!$A$2:$A$200)))) -> 6 | F21: =IF($D21="","",$D21-$E21) -> 0 | G21: =IF(OR($D21="",$D21=0),"",$E21/$D21) -> 1 | H21: =IF($D21="","",IF($J21<>"","FIX",IF(AND(SUMPRODUCT((MOD(COLUMN($K21:$AH21)-COLUMN($K21),2)=0)*($K21:$AH21<>""))=0,SUMPRODUCT((MOD(COLUMN($K21:$AH21)-COLUMN($K21),2)=1)*($K21:$AH21<>""))=0),"未着手",IF(SUMPRODUCT((MOD(COLUMN($K21:$AH21)-COLUMN($K21),2)=0)*($K21:$AH21<>""))>SUMPRODUCT((MOD(COLUMN($K21:$AH21)-COLUMN($K21),2)=1)*($K21:$AH21<>"")),"作業中","中断")))) -> FIX | I21: =IF($H21="中断",MAX(0,$AI$1-MAX(L21,N21,P21,R21,T21,V21,X21,Z21,AB21,AD21,AF21,AH21)),"") | J21: ○ | K21: 46174 | L21: 46181 | AK21: =IF($A20="","",IF(LOOKUP(2,1/($AJ$3:$AJ21<>""),$AJ$3:$AJ21)="-","",LOOKUP(2,1/($AJ$3:$AJ21<>""),$AJ$3:$AJ21))) -> CH01 | AL21: =$H21 -> FIX | AM21: =IF(ISNUMBER($D21),$D21,0) -> 6 | AN21: =IF(ISNUMBER($E21),$E21,0) -> 6 | AO21: =IF(ISNUMBER($F21),$F21,0) -> 0 | AQ21: =IF(OR($AK21="",K21="",L21=""),0,COUNTIFS($AK$3:$AK$98,$AK21,K$3:K$98,"<"&L21,L$3:L$98,">"&K21)+COUNTIFS($AK$3:$AK$98,$AK21,M$3:M$98,"<"&L21,N$3:N$98,">"&K21)+COUNTIFS($AK$3:$AK$98,$AK21,O$3:O$98,"<"&L21,P$3:P$98,">"&K21)+COUNTIFS($AK$3:$AK$98,$AK21,Q$3:Q$98,"<"&L21,R$3:R$98,">"&K21)+COUNTIFS($AK$3:$AK$98,$AK21,S$3:S$98,"<"&L21,T$3:T$98,">"&K21)+COUNTIFS($AK$3:$AK$98,$AK21,U$3:U$98,"<"&L21,V$3:V$98,">"&K21)+COUNTIFS($AK$3:$AK$98,$AK21,W$3:W$98,"<"&L21,X$3:X$98,">"&K21)+COUNTIFS($AK$3:$AK$98,$AK21,Y$3:Y$98,"<"&L21,Z$3:Z$98,">"&K21)+COUNTIFS($AK$3:$AK$98,$AK21,AA$3:AA$98,"<"&L21,AB$3:AB$98,">"&K21)+COUNTIFS($AK$3:$AK$98,$AK21,AC$3:AC$98,"<"&L21,AD$3:AD$98,">"&K21)+COUNTIFS($AK$3:$AK$98,$AK21,AE$3:AE$98,"<"&L21,AF$3:AF$98,">"&K21)+COUNTIFS($AK$3:$AK$98,$AK21,AG$3:AG$98,"<"&L21,AH$3:AH$98,">"&K21)-(K21<L21)) -> 0 | AR21: =AQ21 -> 0 | AS21: =IF(OR($AK21="",M21="",N21=""),0,COUNTIFS($AK$3:$AK$98,$AK21,K$3:K$98,"<"&N21,L$3:L$98,">"&M21)+COUNTIFS($AK$3:$AK$98,$AK21,M$3:M$98,"<"&N21,N$3:N$98,">"&M21)+COUNTIFS($AK$3:$AK$98,$AK21,O$3:O$98,"<"&N21,P$3:P$98,">"&M21)+COUNTIFS($AK$3:$AK$98,$AK21,Q$3:Q$98,"<"&N21,R$3:R$98,">"&M21)+COUNTIFS($AK$3:$AK$98,$AK21,S$3:S$98,"<"&N21,T$3:T$98,">"&M21)+COUNTIFS($AK$3:$AK$98,$AK21,U$3:U$98,"<"&N21,V$3:V$98,">"&M21)+COUNTIFS($AK$3:$AK$98,$AK21,W$3:W$98,"<"&N21,X$3:X$98,">"&M21)+COUNTIFS($AK$3:$AK$98,$AK21,Y$3:Y$98,"<"&N21,Z$3:Z$98,">"&M21)+COUNTIFS($AK$3:$AK$98,$AK21,AA$3:AA$98,"<"&N21,AB$3:AB$98,">"&M21)+COUNTIFS($AK$3:$AK$98,$AK21,AC$3:AC$98,"<"&N21,AD$3:AD$98,">"&M21)+COUNTIFS($AK$3:$AK$98,$AK21,AE$3:AE$98,"<"&N21,AF$3:AF$98,">"&M21)+COUNTIFS($AK$3:$AK$98,$AK21,AG$3:AG$98,"<"&N21,AH$3:AH$98,">"&M21)-(M21<N21)) -> 0 | AT21: =AS21 -> 0 | AU21: =IF(OR($AK21="",O21="",P21=""),0,COUNTIFS($AK$3:$AK$98,$AK21,K$3:K$98,"<"&P21,L$3:L$98,">"&O21)+COUNTIFS($AK$3:$AK$98,$AK21,M$3:M$98,"<"&P21,N$3:N$98,">"&O21)+COUNTIFS($AK$3:$AK$98,$AK21,O$3:O$98,"<"&P21,P$3:P$98,">"&O21)+COUNTIFS($AK$3:$AK$98,$AK21,Q$3:Q$98,"<"&P21,R$3:R$98,">"&O21)+COUNTIFS($AK$3:$AK$98,$AK21,S$3:S$98,"<"&P21,T$3:T$98,">"&O21)+COUNTIFS($AK$3:$AK$98,$AK21,U$3:U$98,"<"&P21,V$3:V$98,">"&O21)+COUNTIFS($AK$3:$AK$98,$AK21,W$3:W$98,"<"&P21,X$3:X$98,">"&O21)+COUNTIFS($AK$3:$AK$98,$AK21,Y$3:Y$98,"<"&P21,Z$3:Z$98,">"&O21)+COUNTIFS($AK$3:$AK$98,$AK21,AA$3:AA$98,"<"&P21,AB$3:AB$98,">"&O21)+COUNTIFS($AK$3:$AK$98,$AK21,AC$3:AC$98,"<"&P21,AD$3:AD$98,">"&O21)+COUNTIFS($AK$3:$AK$98,$AK21,AE$3:AE$98,"<"&P21,AF$3:AF$98,">"&O21)+COUNTIFS($AK$3:$AK$98,$AK21,AG$3:AG$98,"<"&P21,AH$3:AH$98,">"&O21)-(O21<P21)) -> 0 | AV21: =AU21 -> 0 | AW21: =IF(OR($AK21="",Q21="",R21=""),0,COUNTIFS($AK$3:$AK$98,$AK21,K$3:K$98,"<"&R21,L$3:L$98,">"&Q21)+COUNTIFS($AK$3:$AK$98,$AK21,M$3:M$98,"<"&R21,N$3:N$98,">"&Q21)+COUNTIFS($AK$3:$AK$98,$AK21,O$3:O$98,"<"&R21,P$3:P$98,">"&Q21)+COUNTIFS($AK$3:$AK$98,$AK21,Q$3:Q$98,"<"&R21,R$3:R$98,">"&Q21)+COUNTIFS($AK$3:$AK$98,$AK21,S$3:S$98,"<"&R21,T$3:T$98,">"&Q21)+COUNTIFS($AK$3:$AK$98,$AK21,U$3:U$98,"<"&R21,V$3:V$98,">"&Q21)+COUNTIFS($AK$3:$AK$98,$AK21,W$3:W$98,"<"&R21,X$3:X$98,">"&Q21)+COUNTIFS($AK$3:$AK$98,$AK21,Y$3:Y$98,"<"&R21,Z$3:Z$98,">"&Q21)+COUNTIFS($AK$3:$AK$98,$AK21,AA$3:AA$98,"<"&R21,AB$3:AB$98,">"&Q21)+COUNTIFS($AK$3:$AK$98,$AK21,AC$3:AC$98,"<"&R21,AD$3:AD$98,">"&Q21)+COUNTIFS($AK$3:$AK$98,$AK21,AE$3:AE$98,"<"&R21,AF$3:AF$98,">"&Q21)+COUNTIFS($AK$3:$AK$98,$AK21,AG$3:AG$98,"<"&R21,AH$3:AH$98,">"&Q21)-(Q21<R21)) -> 0 | AX21: =AW21 -> 0 | AY21: =IF(OR($AK21="",S21="",T21=""),0,COUNTIFS($AK$3:$AK$98,$AK21,K$3:K$98,"<"&T21,L$3:L$98,">"&S21)+COUNTIFS($AK$3:$AK$98,$AK21,M$3:M$98,"<"&T21,N$3:N$98,">"&S21)+COUNTIFS($AK$3:$AK$98,$AK21,O$3:O$98,"<"&T21,P$3:P$98,">"&S21)+COUNTIFS($AK$3:$AK$98,$AK21,Q$3:Q$98,"<"&T21,R$3:R$98,">"&S21)+COUNTIFS($AK$3:$AK$98,$AK21,S$3:S$98,"<"&T21,T$3:T$98,">"&S21)+COUNTIFS($AK$3:$AK$98,$AK21,U$3:U$98,"<"&T21,V$3:V$98,">"&S21)+COUNTIFS($AK$3:$AK$98,$AK21,W$3:W$98,"<"&T21,X$3:X$98,">"&S21)+COUNTIFS($AK$3:$AK$98,$AK21,Y$3:Y$98,"<"&T21,Z$3:Z$98,">"&S21)+COUNTIFS($AK$3:$AK$98,$AK21,AA$3:AA$98,"<"&T21,AB$3:AB$98,">"&S21)+COUNTIFS($AK$3:$AK$98,$AK21,AC$3:AC$98,"<"&T21,AD$3:AD$98,">"&S21)+COUNTIFS($AK$3:$AK$98,$AK21,AE$3:AE$98,"<"&T21,AF$3:AF$98,">"&S21)+COUNTIFS($AK$3:$AK$98,$AK21,AG$3:AG$98,"<"&T21,AH$3:AH$98,">"&S21)-(S21<T21)) -> 0 | AZ21: =AY21 -> 0 | BA21: =IF(OR($AK21="",U21="",V21=""),0,COUNTIFS($AK$3:$AK$98,$AK21,K$3:K$98,"<"&V21,L$3:L$98,">"&U21)+COUNTIFS($AK$3:$AK$98,$AK21,M$3:M$98,"<"&V21,N$3:N$98,">"&U21)+COUNTIFS($AK$3:$AK$98,$AK21,O$3:O$98,"<"&V21,P$3:P$98,">"&U21)+COUNTIFS($AK$3:$AK$98,$AK21,Q$3:Q$98,"<"&V21,R$3:R$98,">"&U21)+COUNTIFS($AK$3:$AK$98,$AK21,S$3:S$98,"<"&V21,T$3:T$98,">"&U21)+COUNTIFS($AK$3:$AK$98,$AK21,U$3:U$98,"<"&V21,V$3:V$98,">"&U21)+COUNTIFS($AK$3:$AK$98,$AK21,W$3:W$98,"<"&V21,X$3:X$98,">"&U21)+COUNTIFS($AK$3:$AK$98,$AK21,Y$3:Y$98,"<"&V21,Z$3:Z$98,">"&U21)+COUNTIFS($AK$3:$AK$98,$AK21,AA$3:AA$98,"<"&V21,AB$3:AB$98,">"&U21)+COUNTIFS($AK$3:$AK$98,$AK21,AC$3:AC$98,"<"&V21,AD$3:AD$98,">"&U21)+COUNTIFS($AK$3:$AK$98,$AK21,AE$3:AE$98,"<"&V21,AF$3:AF$98,">"&U21)+COUNTIFS($AK$3:$AK$98,$AK21,AG$3:AG$98,"<"&V21,AH$3:AH$98,">"&U21)-(U21<V21)) -> 0 | BB21: =BA21 -> 0 | BC21: =IF(OR($AK21="",W21="",X21=""),0,COUNTIFS($AK$3:$AK$98,$AK21,K$3:K$98,"<"&X21,L$3:L$98,">"&W21)+COUNTIFS($AK$3:$AK$98,$AK21,M$3:M$98,"<"&X21,N$3:N$98,">"&W21)+COUNTIFS($AK$3:$AK$98,$AK21,O$3:O$98,"<"&X21,P$3:P$98,">"&W21)+COUNTIFS($AK$3:$AK$98,$AK21,Q$3:Q$98,"<"&X21,R$3:R$98,">"&W21)+COUNTIFS($AK$3:$AK$98,$AK21,S$3:S$98,"<"&X21,T$3:T$98,">"&W21)+COUNTIFS($AK$3:$AK$98,$AK21,U$3:U$98,"<"&X21,V$3:V$98,">"&W21)+COUNTIFS($AK$3:$AK$98,$AK21,W$3:W$98,"<"&X21,X$3:X$98,">"&W21)+COUNTIFS($AK$3:$AK$98,$AK21,Y$3:Y$98,"<"&X21,Z$3:Z$98,">"&W21)+COUNTIFS($AK$3:$AK$98,$AK21,AA$3:AA$98,"<"&X21,AB$3:AB$98,">"&W21)+COUNTIFS($AK$3:$AK$98,$AK21,AC$3:AC$98,"<"&X21,AD$3:AD$98,">"&W21)+COUNTIFS($AK$3:$AK$98,$AK21,AE$3:AE$98,"<"&X21,AF$3:AF$98,">"&W21)+COUNTIFS($AK$3:$AK$98,$AK21,AG$3:AG$98,"<"&X21,AH$3:AH$98,">"&W21)-(W21<X21)) -> 0 | BD21: =BC21 -> 0 | BE21: =IF(OR($AK21="",Y21="",Z21=""),0,COUNTIFS($AK$3:$AK$98,$AK21,K$3:K$98,"<"&Z21,L$3:L$98,">"&Y21)+COUNTIFS($AK$3:$AK$98,$AK21,M$3:M$98,"<"&Z21,N$3:N$98,">"&Y21)+COUNTIFS($AK$3:$AK$98,$AK21,O$3:O$98,"<"&Z21,P$3:P$98,">"&Y21)+COUNTIFS($AK$3:$AK$98,$AK21,Q$3:Q$98,"<"&Z21,R$3:R$98,">"&Y21)+COUNTIFS($AK$3:$AK$98,$AK21,S$3:S$98,"<"&Z21,T$3:T$98,">"&Y21)+COUNTIFS($AK$3:$AK$98,$AK21,U$3:U$98,"<"&Z21,V$3:V$98,">"&Y21)+COUNTIFS($AK$3:$AK$98,$AK21,W$3:W$98,"<"&Z21,X$3:X$98,">"&Y21)+COUNTIFS($AK$3:$AK$98,$AK21,Y$3:Y$98,"<"&Z21,Z$3:Z$98,">"&Y21)+COUNTIFS($AK$3:$AK$98,$AK21,AA$3:AA$98,"<"&Z21,AB$3:AB$98,">"&Y21)+COUNTIFS($AK$3:$AK$98,$AK21,AC$3:AC$98,"<"&Z21,AD$3:AD$98,">"&Y21)+COUNTIFS($AK$3:$AK$98,$AK21,AE$3:AE$98,"<"&Z21,AF$3:AF$98,">"&Y21)+COUNTIFS($AK$3:$AK$98,$AK21,AG$3:AG$98,"<"&Z21,AH$3:AH$98,">"&Y21)-(Y21<Z21)) -> 0 | BF21: =BE21 -> 0 | BG21: =IF(OR($AK21="",AA21="",AB21=""),0,COUNTIFS($AK$3:$AK$98,$AK21,K$3:K$98,"<"&AB21,L$3:L$98,">"&AA21)+COUNTIFS($AK$3:$AK$98,$AK21,M$3:M$98,"<"&AB21,N$3:N$98,">"&AA21)+COUNTIFS($AK$3:$AK$98,$AK21,O$3:O$98,"<"&AB21,P$3:P$98,">"&AA21)+COUNTIFS($AK$3:$AK$98,$AK21,Q$3:Q$98,"<"&AB21,R$3:R$98,">"&AA21)+COUNTIFS($AK$3:$AK$98,$AK21,S$3:S$98,"<"&AB21,T$3:T$98,">"&AA21)+COUNTIFS($AK$3:$AK$98,$AK21,U$3:U$98,"<"&AB21,V$3:V$98,">"&AA21)+COUNTIFS($AK$3:$AK$98,$AK21,W$3:W$98,"<"&AB21,X$3:X$98,">"&AA21)+COUNTIFS($AK$3:$AK$98,$AK21,Y$3:Y$98,"<"&AB21,Z$3:Z$98,">"&AA21)+COUNTIFS($AK$3:$AK$98,$AK21,AA$3:AA$98,"<"&AB21,AB$3:AB$98,">"&AA21)+COUNTIFS($AK$3:$AK$98,$AK21,AC$3:AC$98,"<"&AB21,AD$3:AD$98,">"&AA21)+COUNTIFS($AK$3:$AK$98,$AK21,AE$3:AE$98,"<"&AB21,AF$3:AF$98,">"&AA21)+COUNTIFS($AK$3:$AK$98,$AK21,AG$3:AG$98,"<"&AB21,AH$3:AH$98,">"&AA21)-(AA21<AB21)) -> 0 | BH21: =BG21 -> 0 | BI21: =IF(OR($AK21="",AC21="",AD21=""),0,COUNTIFS($AK$3:$AK$98,$AK21,K$3:K$98,"<"&AD21,L$3:L$98,">"&AC21)+COUNTIFS($AK$3:$AK$98,$AK21,M$3:M$98,"<"&AD21,N$3:N$98,">"&AC21)+COUNTIFS($AK$3:$AK$98,$AK21,O$3:O$98,"<"&AD21,P$3:P$98,">"&AC21)+COUNTIFS($AK$3:$AK$98,$AK21,Q$3:Q$98,"<"&AD21,R$3:R$98,">"&AC21)+COUNTIFS($AK$3:$AK$98,$AK21,S$3:S$98,"<"&AD21,T$3:T$98,">"&AC21)+COUNTIFS($AK$3:$AK$98,$AK21,U$3:U$98,"<"&AD21,V$3:V$98,">"&AC21)+COUNTIFS($AK$3:$AK$98,$AK21,W$3:W$98,"<"&AD21,X$3:X$98,">"&AC21)+COUNTIFS($AK$3:$AK$98,$AK21,Y$3:Y$98,"<"&AD21,Z$3:Z$98,">"&AC21)+COUNTIFS($AK$3:$AK$98,$AK21,AA$3:AA$98,"<"&AD21,AB$3:AB$98,">"&AC21)+COUNTIFS($AK$3:$AK$98,$AK21,AC$3:AC$98,"<"&AD21,AD$3:AD$98,">"&AC21)+COUNTIFS($AK$3:$AK$98,$AK21,AE$3:AE$98,"<"&AD21,AF$3:AF$98,">"&AC21)+COUNTIFS($AK$3:$AK$98,$AK21,AG$3:AG$98,"<"&AD21,AH$3:AH$98,">"&AC21)-(AC21<AD21)) -> 0 | BJ21: =BI21 -> 0 | BK21: =IF(OR($AK21="",AE21="",AF21=""),0,COUNTIFS($AK$3:$AK$98,$AK21,K$3:K$98,"<"&AF21,L$3:L$98,">"&AE21)+COUNTIFS($AK$3:$AK$98,$AK21,M$3:M$98,"<"&AF21,N$3:N$98,">"&AE21)+COUNTIFS($AK$3:$AK$98,$AK21,O$3:O$98,"<"&AF21,P$3:P$98,">"&AE21)+COUNTIFS($AK$3:$AK$98,$AK21,Q$3:Q$98,"<"&AF21,R$3:R$98,">"&AE21)+COUNTIFS($AK$3:$AK$98,$AK21,S$3:S$98,"<"&AF21,T$3:T$98,">"&AE21)+COUNTIFS($AK$3:$AK$98,$AK21,U$3:U$98,"<"&AF21,V$3:V$98,">"&AE21)+COUNTIFS($AK$3:$AK$98,$AK21,W$3:W$98,"<"&AF21,X$3:X$98,">"&AE21)+COUNTIFS($AK$3:$AK$98,$AK21,Y$3:Y$98,"<"&AF21,Z$3:Z$98,">"&AE21)+COUNTIFS($AK$3:$AK$98,$AK21,AA$3:AA$98,"<"&AF21,AB$3:AB$98,">"&AE21)+COUNTIFS($AK$3:$AK$98,$AK21,AC$3:AC$98,"<"&AF21,AD$3:AD$98,">"&AE21)+COUNTIFS($AK$3:$AK$98,$AK21,AE$3:AE$98,"<"&AF21,AF$3:AF$98,">"&AE21)+COUNTIFS($AK$3:$AK$98,$AK21,AG$3:AG$98,"<"&AF21,AH$3:AH$98,">"&AE21)-(AE21<AF21)) -> 0 | BL21: =BK21 -> 0 | BM21: =IF(OR($AK21="",AG21="",AH21=""),0,COUNTIFS($AK$3:$AK$98,$AK21,K$3:K$98,"<"&AH21,L$3:L$98,">"&AG21)+COUNTIFS($AK$3:$AK$98,$AK21,M$3:M$98,"<"&AH21,N$3:N$98,">"&AG21)+COUNTIFS($AK$3:$AK$98,$AK21,O$3:O$98,"<"&AH21,P$3:P$98,">"&AG21)+COUNTIFS($AK$3:$AK$98,$AK21,Q$3:Q$98,"<"&AH21,R$3:R$98,">"&AG21)+COUNTIFS($AK$3:$AK$98,$AK21,S$3:S$98,"<"&AH21,T$3:T$98,">"&AG21)+COUNTIFS($AK$3:$AK$98,$AK21,U$3:U$98,"<"&AH21,V$3:V$98,">"&AG21)+COUNTIFS($AK$3:$AK$98,$AK21,W$3:W$98,"<"&AH21,X$3:X$98,">"&AG21)+COUNTIFS($AK$3:$AK$98,$AK21,Y$3:Y$98,"<"&AH21,Z$3:Z$98,">"&AG21)+COUNTIFS($AK$3:$AK$98,$AK21,AA$3:AA$98,"<"&AH21,AB$3:AB$98,">"&AG21)+COUNTIFS($AK$3:$AK$98,$AK21,AC$3:AC$98,"<"&AH21,AD$3:AD$98,">"&AG21)+COUNTIFS($AK$3:$AK$98,$AK21,AE$3:AE$98,"<"&AH21,AF$3:AF$98,">"&AG21)+COUNTIFS($AK$3:$AK$98,$AK21,AG$3:AG$98,"<"&AH21,AH$3:AH$98,">"&AG21)-(AG21<AH21)) -> 0 | BN21: =BM21 -> 0 | BO21: =IF(ISNUMBER($G21),$G21,"") -> 1 | BP21: =IF(AND($A21<>"",COUNT($K21:$AH21)>0),ROW(),"") -> 21
A22: =IF($A20="","",$A20) -> chGkChildA | B22: =IF($A20="","","high") -> high | D22: 13 | E22: =IF(AND($D22="",COUNT($K22:$AH22)=0),"",IF(K22="",0,MAX(0,NETWORKDAYS(K22,IF(L22<>"",L22,IF($J22<>"",K22,$AI$1)),祝日!$A$2:$A$200)))+IF(M22="",0,MAX(0,NETWORKDAYS(M22,IF(N22<>"",N22,IF($J22<>"",M22,$AI$1)),祝日!$A$2:$A$200)))+IF(O22="",0,MAX(0,NETWORKDAYS(O22,IF(P22<>"",P22,IF($J22<>"",O22,$AI$1)),祝日!$A$2:$A$200)))+IF(Q22="",0,MAX(0,NETWORKDAYS(Q22,IF(R22<>"",R22,IF($J22<>"",Q22,$AI$1)),祝日!$A$2:$A$200)))+IF(S22="",0,MAX(0,NETWORKDAYS(S22,IF(T22<>"",T22,IF($J22<>"",S22,$AI$1)),祝日!$A$2:$A$200)))+IF(U22="",0,MAX(0,NETWORKDAYS(U22,IF(V22<>"",V22,IF($J22<>"",U22,$AI$1)),祝日!$A$2:$A$200)))+IF(W22="",0,MAX(0,NETWORKDAYS(W22,IF(X22<>"",X22,IF($J22<>"",W22,$AI$1)),祝日!$A$2:$A$200)))+IF(Y22="",0,MAX(0,NETWORKDAYS(Y22,IF(Z22<>"",Z22,IF($J22<>"",Y22,$AI$1)),祝日!$A$2:$A$200)))+IF(AA22="",0,MAX(0,NETWORKDAYS(AA22,IF(AB22<>"",AB22,IF($J22<>"",AA22,$AI$1)),祝日!$A$2:$A$200)))+IF(AC22="",0,MAX(0,NETWORKDAYS(AC22,IF(AD22<>"",AD22,IF($J22<>"",AC22,$AI$1)),祝日!$A$2:$A$200)))+IF(AE22="",0,MAX(0,NETWORKDAYS(AE22,IF(AF22<>"",AF22,IF($J22<>"",AE22,$AI$1)),祝日!$A$2:$A$200)))+IF(AG22="",0,MAX(0,NETWORKDAYS(AG22,IF(AH22<>"",AH22,IF($J22<>"",AG22,$AI$1)),祝日!$A$2:$A$200)))) -> 13 | F22: =IF($D22="","",$D22-$E22) -> 0 | G22: =IF(OR($D22="",$D22=0),"",$E22/$D22) -> 1 | H22: =IF($D22="","",IF($J22<>"","FIX",IF(AND(SUMPRODUCT((MOD(COLUMN($K22:$AH22)-COLUMN($K22),2)=0)*($K22:$AH22<>""))=0,SUMPRODUCT((MOD(COLUMN($K22:$AH22)-COLUMN($K22),2)=1)*($K22:$AH22<>""))=0),"未着手",IF(SUMPRODUCT((MOD(COLUMN($K22:$AH22)-COLUMN($K22),2)=0)*($K22:$AH22<>""))>SUMPRODUCT((MOD(COLUMN($K22:$AH22)-COLUMN($K22),2)=1)*($K22:$AH22<>"")),"作業中","中断")))) -> FIX | I22: =IF($H22="中断",MAX(0,$AI$1-MAX(L22,N22,P22,R22,T22,V22,X22,Z22,AB22,AD22,AF22,AH22)),"") | J22: ○ | K22: 46182 | L22: 46198 | AK22: =IF($A20="","",IF(LOOKUP(2,1/($AJ$3:$AJ22<>""),$AJ$3:$AJ22)="-","",LOOKUP(2,1/($AJ$3:$AJ22<>""),$AJ$3:$AJ22))) -> CH01 | AL22: =$H22 -> FIX | AM22: =IF(ISNUMBER($D22),$D22,0) -> 13 | AN22: =IF(ISNUMBER($E22),$E22,0) -> 13 | AO22: =IF(ISNUMBER($F22),$F22,0) -> 0 | AQ22: =IF(OR($AK22="",K22="",L22=""),0,COUNTIFS($AK$3:$AK$98,$AK22,K$3:K$98,"<"&L22,L$3:L$98,">"&K22)+COUNTIFS($AK$3:$AK$98,$AK22,M$3:M$98,"<"&L22,N$3:N$98,">"&K22)+COUNTIFS($AK$3:$AK$98,$AK22,O$3:O$98,"<"&L22,P$3:P$98,">"&K22)+COUNTIFS($AK$3:$AK$98,$AK22,Q$3:Q$98,"<"&L22,R$3:R$98,">"&K22)+COUNTIFS($AK$3:$AK$98,$AK22,S$3:S$98,"<"&L22,T$3:T$98,">"&K22)+COUNTIFS($AK$3:$AK$98,$AK22,U$3:U$98,"<"&L22,V$3:V$98,">"&K22)+COUNTIFS($AK$3:$AK$98,$AK22,W$3:W$98,"<"&L22,X$3:X$98,">"&K22)+COUNTIFS($AK$3:$AK$98,$AK22,Y$3:Y$98,"<"&L22,Z$3:Z$98,">"&K22)+COUNTIFS($AK$3:$AK$98,$AK22,AA$3:AA$98,"<"&L22,AB$3:AB$98,">"&K22)+COUNTIFS($AK$3:$AK$98,$AK22,AC$3:AC$98,"<"&L22,AD$3:AD$98,">"&K22)+COUNTIFS($AK$3:$AK$98,$AK22,AE$3:AE$98,"<"&L22,AF$3:AF$98,">"&K22)+COUNTIFS($AK$3:$AK$98,$AK22,AG$3:AG$98,"<"&L22,AH$3:AH$98,">"&K22)-(K22<L22)) -> 0 | AR22: =AQ22 -> 0 | AS22: =IF(OR($AK22="",M22="",N22=""),0,COUNTIFS($AK$3:$AK$98,$AK22,K$3:K$98,"<"&N22,L$3:L$98,">"&M22)+COUNTIFS($AK$3:$AK$98,$AK22,M$3:M$98,"<"&N22,N$3:N$98,">"&M22)+COUNTIFS($AK$3:$AK$98,$AK22,O$3:O$98,"<"&N22,P$3:P$98,">"&M22)+COUNTIFS($AK$3:$AK$98,$AK22,Q$3:Q$98,"<"&N22,R$3:R$98,">"&M22)+COUNTIFS($AK$3:$AK$98,$AK22,S$3:S$98,"<"&N22,T$3:T$98,">"&M22)+COUNTIFS($AK$3:$AK$98,$AK22,U$3:U$98,"<"&N22,V$3:V$98,">"&M22)+COUNTIFS($AK$3:$AK$98,$AK22,W$3:W$98,"<"&N22,X$3:X$98,">"&M22)+COUNTIFS($AK$3:$AK$98,$AK22,Y$3:Y$98,"<"&N22,Z$3:Z$98,">"&M22)+COUNTIFS($AK$3:$AK$98,$AK22,AA$3:AA$98,"<"&N22,AB$3:AB$98,">"&M22)+COUNTIFS($AK$3:$AK$98,$AK22,AC$3:AC$98,"<"&N22,AD$3:AD$98,">"&M22)+COUNTIFS($AK$3:$AK$98,$AK22,AE$3:AE$98,"<"&N22,AF$3:AF$98,">"&M22)+COUNTIFS($AK$3:$AK$98,$AK22,AG$3:AG$98,"<"&N22,AH$3:AH$98,">"&M22)-(M22<N22)) -> 0 | AT22: =AS22 -> 0 | AU22: =IF(OR($AK22="",O22="",P22=""),0,COUNTIFS($AK$3:$AK$98,$AK22,K$3:K$98,"<"&P22,L$3:L$98,">"&O22)+COUNTIFS($AK$3:$AK$98,$AK22,M$3:M$98,"<"&P22,N$3:N$98,">"&O22)+COUNTIFS($AK$3:$AK$98,$AK22,O$3:O$98,"<"&P22,P$3:P$98,">"&O22)+COUNTIFS($AK$3:$AK$98,$AK22,Q$3:Q$98,"<"&P22,R$3:R$98,">"&O22)+COUNTIFS($AK$3:$AK$98,$AK22,S$3:S$98,"<"&P22,T$3:T$98,">"&O22)+COUNTIFS($AK$3:$AK$98,$AK22,U$3:U$98,"<"&P22,V$3:V$98,">"&O22)+COUNTIFS($AK$3:$AK$98,$AK22,W$3:W$98,"<"&P22,X$3:X$98,">"&O22)+COUNTIFS($AK$3:$AK$98,$AK22,Y$3:Y$98,"<"&P22,Z$3:Z$98,">"&O22)+COUNTIFS($AK$3:$AK$98,$AK22,AA$3:AA$98,"<"&P22,AB$3:AB$98,">"&O22)+COUNTIFS($AK$3:$AK$98,$AK22,AC$3:AC$98,"<"&P22,AD$3:AD$98,">"&O22)+COUNTIFS($AK$3:$AK$98,$AK22,AE$3:AE$98,"<"&P22,AF$3:AF$98,">"&O22)+COUNTIFS($AK$3:$AK$98,$AK22,AG$3:AG$98,"<"&P22,AH$3:AH$98,">"&O22)-(O22<P22)) -> 0 | AV22: =AU22 -> 0 | AW22: =IF(OR($AK22="",Q22="",R22=""),0,COUNTIFS($AK$3:$AK$98,$AK22,K$3:K$98,"<"&R22,L$3:L$98,">"&Q22)+COUNTIFS($AK$3:$AK$98,$AK22,M$3:M$98,"<"&R22,N$3:N$98,">"&Q22)+COUNTIFS($AK$3:$AK$98,$AK22,O$3:O$98,"<"&R22,P$3:P$98,">"&Q22)+COUNTIFS($AK$3:$AK$98,$AK22,Q$3:Q$98,"<"&R22,R$3:R$98,">"&Q22)+COUNTIFS($AK$3:$AK$98,$AK22,S$3:S$98,"<"&R22,T$3:T$98,">"&Q22)+COUNTIFS($AK$3:$AK$98,$AK22,U$3:U$98,"<"&R22,V$3:V$98,">"&Q22)+COUNTIFS($AK$3:$AK$98,$AK22,W$3:W$98,"<"&R22,X$3:X$98,">"&Q22)+COUNTIFS($AK$3:$AK$98,$AK22,Y$3:Y$98,"<"&R22,Z$3:Z$98,">"&Q22)+COUNTIFS($AK$3:$AK$98,$AK22,AA$3:AA$98,"<"&R22,AB$3:AB$98,">"&Q22)+COUNTIFS($AK$3:$AK$98,$AK22,AC$3:AC$98,"<"&R22,AD$3:AD$98,">"&Q22)+COUNTIFS($AK$3:$AK$98,$AK22,AE$3:AE$98,"<"&R22,AF$3:AF$98,">"&Q22)+COUNTIFS($AK$3:$AK$98,$AK22,AG$3:AG$98,"<"&R22,AH$3:AH$98,">"&Q22)-(Q22<R22)) -> 0 | AX22: =AW22 -> 0 | AY22: =IF(OR($AK22="",S22="",T22=""),0,COUNTIFS($AK$3:$AK$98,$AK22,K$3:K$98,"<"&T22,L$3:L$98,">"&S22)+COUNTIFS($AK$3:$AK$98,$AK22,M$3:M$98,"<"&T22,N$3:N$98,">"&S22)+COUNTIFS($AK$3:$AK$98,$AK22,O$3:O$98,"<"&T22,P$3:P$98,">"&S22)+COUNTIFS($AK$3:$AK$98,$AK22,Q$3:Q$98,"<"&T22,R$3:R$98,">"&S22)+COUNTIFS($AK$3:$AK$98,$AK22,S$3:S$98,"<"&T22,T$3:T$98,">"&S22)+COUNTIFS($AK$3:$AK$98,$AK22,U$3:U$98,"<"&T22,V$3:V$98,">"&S22)+COUNTIFS($AK$3:$AK$98,$AK22,W$3:W$98,"<"&T22,X$3:X$98,">"&S22)+COUNTIFS($AK$3:$AK$98,$AK22,Y$3:Y$98,"<"&T22,Z$3:Z$98,">"&S22)+COUNTIFS($AK$3:$AK$98,$AK22,AA$3:AA$98,"<"&T22,AB$3:AB$98,">"&S22)+COUNTIFS($AK$3:$AK$98,$AK22,AC$3:AC$98,"<"&T22,AD$3:AD$98,">"&S22)+COUNTIFS($AK$3:$AK$98,$AK22,AE$3:AE$98,"<"&T22,AF$3:AF$98,">"&S22)+COUNTIFS($AK$3:$AK$98,$AK22,AG$3:AG$98,"<"&T22,AH$3:AH$98,">"&S22)-(S22<T22)) -> 0 | AZ22: =AY22 -> 0 | BA22: =IF(OR($AK22="",U22="",V22=""),0,COUNTIFS($AK$3:$AK$98,$AK22,K$3:K$98,"<"&V22,L$3:L$98,">"&U22)+COUNTIFS($AK$3:$AK$98,$AK22,M$3:M$98,"<"&V22,N$3:N$98,">"&U22)+COUNTIFS($AK$3:$AK$98,$AK22,O$3:O$98,"<"&V22,P$3:P$98,">"&U22)+COUNTIFS($AK$3:$AK$98,$AK22,Q$3:Q$98,"<"&V22,R$3:R$98,">"&U22)+COUNTIFS($AK$3:$AK$98,$AK22,S$3:S$98,"<"&V22,T$3:T$98,">"&U22)+COUNTIFS($AK$3:$AK$98,$AK22,U$3:U$98,"<"&V22,V$3:V$98,">"&U22)+COUNTIFS($AK$3:$AK$98,$AK22,W$3:W$98,"<"&V22,X$3:X$98,">"&U22)+COUNTIFS($AK$3:$AK$98,$AK22,Y$3:Y$98,"<"&V22,Z$3:Z$98,">"&U22)+COUNTIFS($AK$3:$AK$98,$AK22,AA$3:AA$98,"<"&V22,AB$3:AB$98,">"&U22)+COUNTIFS($AK$3:$AK$98,$AK22,AC$3:AC$98,"<"&V22,AD$3:AD$98,">"&U22)+COUNTIFS($AK$3:$AK$98,$AK22,AE$3:AE$98,"<"&V22,AF$3:AF$98,">"&U22)+COUNTIFS($AK$3:$AK$98,$AK22,AG$3:AG$98,"<"&V22,AH$3:AH$98,">"&U22)-(U22<V22)) -> 0 | BB22: =BA22 -> 0 | BC22: =IF(OR($AK22="",W22="",X22=""),0,COUNTIFS($AK$3:$AK$98,$AK22,K$3:K$98,"<"&X22,L$3:L$98,">"&W22)+COUNTIFS($AK$3:$AK$98,$AK22,M$3:M$98,"<"&X22,N$3:N$98,">"&W22)+COUNTIFS($AK$3:$AK$98,$AK22,O$3:O$98,"<"&X22,P$3:P$98,">"&W22)+COUNTIFS($AK$3:$AK$98,$AK22,Q$3:Q$98,"<"&X22,R$3:R$98,">"&W22)+COUNTIFS($AK$3:$AK$98,$AK22,S$3:S$98,"<"&X22,T$3:T$98,">"&W22)+COUNTIFS($AK$3:$AK$98,$AK22,U$3:U$98,"<"&X22,V$3:V$98,">"&W22)+COUNTIFS($AK$3:$AK$98,$AK22,W$3:W$98,"<"&X22,X$3:X$98,">"&W22)+COUNTIFS($AK$3:$AK$98,$AK22,Y$3:Y$98,"<"&X22,Z$3:Z$98,">"&W22)+COUNTIFS($AK$3:$AK$98,$AK22,AA$3:AA$98,"<"&X22,AB$3:AB$98,">"&W22)+COUNTIFS($AK$3:$AK$98,$AK22,AC$3:AC$98,"<"&X22,AD$3:AD$98,">"&W22)+COUNTIFS($AK$3:$AK$98,$AK22,AE$3:AE$98,"<"&X22,AF$3:AF$98,">"&W22)+COUNTIFS($AK$3:$AK$98,$AK22,AG$3:AG$98,"<"&X22,AH$3:AH$98,">"&W22)-(W22<X22)) -> 0 | BD22: =BC22 -> 0 | BE22: =IF(OR($AK22="",Y22="",Z22=""),0,COUNTIFS($AK$3:$AK$98,$AK22,K$3:K$98,"<"&Z22,L$3:L$98,">"&Y22)+COUNTIFS($AK$3:$AK$98,$AK22,M$3:M$98,"<"&Z22,N$3:N$98,">"&Y22)+COUNTIFS($AK$3:$AK$98,$AK22,O$3:O$98,"<"&Z22,P$3:P$98,">"&Y22)+COUNTIFS($AK$3:$AK$98,$AK22,Q$3:Q$98,"<"&Z22,R$3:R$98,">"&Y22)+COUNTIFS($AK$3:$AK$98,$AK22,S$3:S$98,"<"&Z22,T$3:T$98,">"&Y22)+COUNTIFS($AK$3:$AK$98,$AK22,U$3:U$98,"<"&Z22,V$3:V$98,">"&Y22)+COUNTIFS($AK$3:$AK$98,$AK22,W$3:W$98,"<"&Z22,X$3:X$98,">"&Y22)+COUNTIFS($AK$3:$AK$98,$AK22,Y$3:Y$98,"<"&Z22,Z$3:Z$98,">"&Y22)+COUNTIFS($AK$3:$AK$98,$AK22,AA$3:AA$98,"<"&Z22,AB$3:AB$98,">"&Y22)+COUNTIFS($AK$3:$AK$98,$AK22,AC$3:AC$98,"<"&Z22,AD$3:AD$98,">"&Y22)+COUNTIFS($AK$3:$AK$98,$AK22,AE$3:AE$98,"<"&Z22,AF$3:AF$98,">"&Y22)+COUNTIFS($AK$3:$AK$98,$AK22,AG$3:AG$98,"<"&Z22,AH$3:AH$98,">"&Y22)-(Y22<Z22)) -> 0 | BF22: =BE22 -> 0 | BG22: =IF(OR($AK22="",AA22="",AB22=""),0,COUNTIFS($AK$3:$AK$98,$AK22,K$3:K$98,"<"&AB22,L$3:L$98,">"&AA22)+COUNTIFS($AK$3:$AK$98,$AK22,M$3:M$98,"<"&AB22,N$3:N$98,">"&AA22)+COUNTIFS($AK$3:$AK$98,$AK22,O$3:O$98,"<"&AB22,P$3:P$98,">"&AA22)+COUNTIFS($AK$3:$AK$98,$AK22,Q$3:Q$98,"<"&AB22,R$3:R$98,">"&AA22)+COUNTIFS($AK$3:$AK$98,$AK22,S$3:S$98,"<"&AB22,T$3:T$98,">"&AA22)+COUNTIFS($AK$3:$AK$98,$AK22,U$3:U$98,"<"&AB22,V$3:V$98,">"&AA22)+COUNTIFS($AK$3:$AK$98,$AK22,W$3:W$98,"<"&AB22,X$3:X$98,">"&AA22)+COUNTIFS($AK$3:$AK$98,$AK22,Y$3:Y$98,"<"&AB22,Z$3:Z$98,">"&AA22)+COUNTIFS($AK$3:$AK$98,$AK22,AA$3:AA$98,"<"&AB22,AB$3:AB$98,">"&AA22)+COUNTIFS($AK$3:$AK$98,$AK22,AC$3:AC$98,"<"&AB22,AD$3:AD$98,">"&AA22)+COUNTIFS($AK$3:$AK$98,$AK22,AE$3:AE$98,"<"&AB22,AF$3:AF$98,">"&AA22)+COUNTIFS($AK$3:$AK$98,$AK22,AG$3:AG$98,"<"&AB22,AH$3:AH$98,">"&AA22)-(AA22<AB22)) -> 0 | BH22: =BG22 -> 0 | BI22: =IF(OR($AK22="",AC22="",AD22=""),0,COUNTIFS($AK$3:$AK$98,$AK22,K$3:K$98,"<"&AD22,L$3:L$98,">"&AC22)+COUNTIFS($AK$3:$AK$98,$AK22,M$3:M$98,"<"&AD22,N$3:N$98,">"&AC22)+COUNTIFS($AK$3:$AK$98,$AK22,O$3:O$98,"<"&AD22,P$3:P$98,">"&AC22)+COUNTIFS($AK$3:$AK$98,$AK22,Q$3:Q$98,"<"&AD22,R$3:R$98,">"&AC22)+COUNTIFS($AK$3:$AK$98,$AK22,S$3:S$98,"<"&AD22,T$3:T$98,">"&AC22)+COUNTIFS($AK$3:$AK$98,$AK22,U$3:U$98,"<"&AD22,V$3:V$98,">"&AC22)+COUNTIFS($AK$3:$AK$98,$AK22,W$3:W$98,"<"&AD22,X$3:X$98,">"&AC22)+COUNTIFS($AK$3:$AK$98,$AK22,Y$3:Y$98,"<"&AD22,Z$3:Z$98,">"&AC22)+COUNTIFS($AK$3:$AK$98,$AK22,AA$3:AA$98,"<"&AD22,AB$3:AB$98,">"&AC22)+COUNTIFS($AK$3:$AK$98,$AK22,AC$3:AC$98,"<"&AD22,AD$3:AD$98,">"&AC22)+COUNTIFS($AK$3:$AK$98,$AK22,AE$3:AE$98,"<"&AD22,AF$3:AF$98,">"&AC22)+COUNTIFS($AK$3:$AK$98,$AK22,AG$3:AG$98,"<"&AD22,AH$3:AH$98,">"&AC22)-(AC22<AD22)) -> 0 | BJ22: =BI22 -> 0 | BK22: =IF(OR($AK22="",AE22="",AF22=""),0,COUNTIFS($AK$3:$AK$98,$AK22,K$3:K$98,"<"&AF22,L$3:L$98,">"&AE22)+COUNTIFS($AK$3:$AK$98,$AK22,M$3:M$98,"<"&AF22,N$3:N$98,">"&AE22)+COUNTIFS($AK$3:$AK$98,$AK22,O$3:O$98,"<"&AF22,P$3:P$98,">"&AE22)+COUNTIFS($AK$3:$AK$98,$AK22,Q$3:Q$98,"<"&AF22,R$3:R$98,">"&AE22)+COUNTIFS($AK$3:$AK$98,$AK22,S$3:S$98,"<"&AF22,T$3:T$98,">"&AE22)+COUNTIFS($AK$3:$AK$98,$AK22,U$3:U$98,"<"&AF22,V$3:V$98,">"&AE22)+COUNTIFS($AK$3:$AK$98,$AK22,W$3:W$98,"<"&AF22,X$3:X$98,">"&AE22)+COUNTIFS($AK$3:$AK$98,$AK22,Y$3:Y$98,"<"&AF22,Z$3:Z$98,">"&AE22)+COUNTIFS($AK$3:$AK$98,$AK22,AA$3:AA$98,"<"&AF22,AB$3:AB$98,">"&AE22)+COUNTIFS($AK$3:$AK$98,$AK22,AC$3:AC$98,"<"&AF22,AD$3:AD$98,">"&AE22)+COUNTIFS($AK$3:$AK$98,$AK22,AE$3:AE$98,"<"&AF22,AF$3:AF$98,">"&AE22)+COUNTIFS($AK$3:$AK$98,$AK22,AG$3:AG$98,"<"&AF22,AH$3:AH$98,">"&AE22)-(AE22<AF22)) -> 0 | BL22: =BK22 -> 0 | BM22: =IF(OR($AK22="",AG22="",AH22=""),0,COUNTIFS($AK$3:$AK$98,$AK22,K$3:K$98,"<"&AH22,L$3:L$98,">"&AG22)+COUNTIFS($AK$3:$AK$98,$AK22,M$3:M$98,"<"&AH22,N$3:N$98,">"&AG22)+COUNTIFS($AK$3:$AK$98,$AK22,O$3:O$98,"<"&AH22,P$3:P$98,">"&AG22)+COUNTIFS($AK$3:$AK$98,$AK22,Q$3:Q$98,"<"&AH22,R$3:R$98,">"&AG22)+COUNTIFS($AK$3:$AK$98,$AK22,S$3:S$98,"<"&AH22,T$3:T$98,">"&AG22)+COUNTIFS($AK$3:$AK$98,$AK22,U$3:U$98,"<"&AH22,V$3:V$98,">"&AG22)+COUNTIFS($AK$3:$AK$98,$AK22,W$3:W$98,"<"&AH22,X$3:X$98,">"&AG22)+COUNTIFS($AK$3:$AK$98,$AK22,Y$3:Y$98,"<"&AH22,Z$3:Z$98,">"&AG22)+COUNTIFS($AK$3:$AK$98,$AK22,AA$3:AA$98,"<"&AH22,AB$3:AB$98,">"&AG22)+COUNTIFS($AK$3:$AK$98,$AK22,AC$3:AC$98,"<"&AH22,AD$3:AD$98,">"&AG22)+COUNTIFS($AK$3:$AK$98,$AK22,AE$3:AE$98,"<"&AH22,AF$3:AF$98,">"&AG22)+COUNTIFS($AK$3:$AK$98,$AK22,AG$3:AG$98,"<"&AH22,AH$3:AH$98,">"&AG22)-(AG22<AH22)) -> 0 | BN22: =BM22 -> 0 | BO22: =IF(ISNUMBER($G22),$G22,"") -> 1 | BP22: =IF(AND($A22<>"",COUNT($K22:$AH22)>0),ROW(),"") -> 22
A23: =IF($A20="","",$A20) -> chGkChildA | B23: =IF($A20="","","fac") -> fac | D23: 5 | E23: =IF(AND($D23="",COUNT($K23:$AH23)=0),"",IF(K23="",0,MAX(0,NETWORKDAYS(K23,IF(L23<>"",L23,IF($J23<>"",K23,$AI$1)),祝日!$A$2:$A$200)))+IF(M23="",0,MAX(0,NETWORKDAYS(M23,IF(N23<>"",N23,IF($J23<>"",M23,$AI$1)),祝日!$A$2:$A$200)))+IF(O23="",0,MAX(0,NETWORKDAYS(O23,IF(P23<>"",P23,IF($J23<>"",O23,$AI$1)),祝日!$A$2:$A$200)))+IF(Q23="",0,MAX(0,NETWORKDAYS(Q23,IF(R23<>"",R23,IF($J23<>"",Q23,$AI$1)),祝日!$A$2:$A$200)))+IF(S23="",0,MAX(0,NETWORKDAYS(S23,IF(T23<>"",T23,IF($J23<>"",S23,$AI$1)),祝日!$A$2:$A$200)))+IF(U23="",0,MAX(0,NETWORKDAYS(U23,IF(V23<>"",V23,IF($J23<>"",U23,$AI$1)),祝日!$A$2:$A$200)))+IF(W23="",0,MAX(0,NETWORKDAYS(W23,IF(X23<>"",X23,IF($J23<>"",W23,$AI$1)),祝日!$A$2:$A$200)))+IF(Y23="",0,MAX(0,NETWORKDAYS(Y23,IF(Z23<>"",Z23,IF($J23<>"",Y23,$AI$1)),祝日!$A$2:$A$200)))+IF(AA23="",0,MAX(0,NETWORKDAYS(AA23,IF(AB23<>"",AB23,IF($J23<>"",AA23,$AI$1)),祝日!$A$2:$A$200)))+IF(AC23="",0,MAX(0,NETWORKDAYS(AC23,IF(AD23<>"",AD23,IF($J23<>"",AC23,$AI$1)),祝日!$A$2:$A$200)))+IF(AE23="",0,MAX(0,NETWORKDAYS(AE23,IF(AF23<>"",AF23,IF($J23<>"",AE23,$AI$1)),祝日!$A$2:$A$200)))+IF(AG23="",0,MAX(0,NETWORKDAYS(AG23,IF(AH23<>"",AH23,IF($J23<>"",AG23,$AI$1)),祝日!$A$2:$A$200)))) -> 5 | F23: =IF($D23="","",$D23-$E23) -> 0 | G23: =IF(OR($D23="",$D23=0),"",$E23/$D23) -> 1 | H23: =IF($D23="","",IF($J23<>"","FIX",IF(AND(SUMPRODUCT((MOD(COLUMN($K23:$AH23)-COLUMN($K23),2)=0)*($K23:$AH23<>""))=0,SUMPRODUCT((MOD(COLUMN($K23:$AH23)-COLUMN($K23),2)=1)*($K23:$AH23<>""))=0),"未着手",IF(SUMPRODUCT((MOD(COLUMN($K23:$AH23)-COLUMN($K23),2)=0)*($K23:$AH23<>""))>SUMPRODUCT((MOD(COLUMN($K23:$AH23)-COLUMN($K23),2)=1)*($K23:$AH23<>"")),"作業中","中断")))) -> FIX | I23: =IF($H23="中断",MAX(0,$AI$1-MAX(L23,N23,P23,R23,T23,V23,X23,Z23,AB23,AD23,AF23,AH23)),"") | J23: ○ | K23: 46232 | L23: 46238 | AK23: =IF($A20="","",IF(LOOKUP(2,1/($AJ$3:$AJ23<>""),$AJ$3:$AJ23)="-","",LOOKUP(2,1/($AJ$3:$AJ23<>""),$AJ$3:$AJ23))) -> CH01 | AL23: =$H23 -> FIX | AM23: =IF(ISNUMBER($D23),$D23,0) -> 5 | AN23: =IF(ISNUMBER($E23),$E23,0) -> 5 | AO23: =IF(ISNUMBER($F23),$F23,0) -> 0 | AQ23: =IF(OR($AK23="",K23="",L23=""),0,COUNTIFS($AK$3:$AK$98,$AK23,K$3:K$98,"<"&L23,L$3:L$98,">"&K23)+COUNTIFS($AK$3:$AK$98,$AK23,M$3:M$98,"<"&L23,N$3:N$98,">"&K23)+COUNTIFS($AK$3:$AK$98,$AK23,O$3:O$98,"<"&L23,P$3:P$98,">"&K23)+COUNTIFS($AK$3:$AK$98,$AK23,Q$3:Q$98,"<"&L23,R$3:R$98,">"&K23)+COUNTIFS($AK$3:$AK$98,$AK23,S$3:S$98,"<"&L23,T$3:T$98,">"&K23)+COUNTIFS($AK$3:$AK$98,$AK23,U$3:U$98,"<"&L23,V$3:V$98,">"&K23)+COUNTIFS($AK$3:$AK$98,$AK23,W$3:W$98,"<"&L23,X$3:X$98,">"&K23)+COUNTIFS($AK$3:$AK$98,$AK23,Y$3:Y$98,"<"&L23,Z$3:Z$98,">"&K23)+COUNTIFS($AK$3:$AK$98,$AK23,AA$3:AA$98,"<"&L23,AB$3:AB$98,">"&K23)+COUNTIFS($AK$3:$AK$98,$AK23,AC$3:AC$98,"<"&L23,AD$3:AD$98,">"&K23)+COUNTIFS($AK$3:$AK$98,$AK23,AE$3:AE$98,"<"&L23,AF$3:AF$98,">"&K23)+COUNTIFS($AK$3:$AK$98,$AK23,AG$3:AG$98,"<"&L23,AH$3:AH$98,">"&K23)-(K23<L23)) -> 0 | AR23: =AQ23 -> 0 | AS23: =IF(OR($AK23="",M23="",N23=""),0,COUNTIFS($AK$3:$AK$98,$AK23,K$3:K$98,"<"&N23,L$3:L$98,">"&M23)+COUNTIFS($AK$3:$AK$98,$AK23,M$3:M$98,"<"&N23,N$3:N$98,">"&M23)+COUNTIFS($AK$3:$AK$98,$AK23,O$3:O$98,"<"&N23,P$3:P$98,">"&M23)+COUNTIFS($AK$3:$AK$98,$AK23,Q$3:Q$98,"<"&N23,R$3:R$98,">"&M23)+COUNTIFS($AK$3:$AK$98,$AK23,S$3:S$98,"<"&N23,T$3:T$98,">"&M23)+COUNTIFS($AK$3:$AK$98,$AK23,U$3:U$98,"<"&N23,V$3:V$98,">"&M23)+COUNTIFS($AK$3:$AK$98,$AK23,W$3:W$98,"<"&N23,X$3:X$98,">"&M23)+COUNTIFS($AK$3:$AK$98,$AK23,Y$3:Y$98,"<"&N23,Z$3:Z$98,">"&M23)+COUNTIFS($AK$3:$AK$98,$AK23,AA$3:AA$98,"<"&N23,AB$3:AB$98,">"&M23)+COUNTIFS($AK$3:$AK$98,$AK23,AC$3:AC$98,"<"&N23,AD$3:AD$98,">"&M23)+COUNTIFS($AK$3:$AK$98,$AK23,AE$3:AE$98,"<"&N23,AF$3:AF$98,">"&M23)+COUNTIFS($AK$3:$AK$98,$AK23,AG$3:AG$98,"<"&N23,AH$3:AH$98,">"&M23)-(M23<N23)) -> 0 | AT23: =AS23 -> 0 | AU23: =IF(OR($AK23="",O23="",P23=""),0,COUNTIFS($AK$3:$AK$98,$AK23,K$3:K$98,"<"&P23,L$3:L$98,">"&O23)+COUNTIFS($AK$3:$AK$98,$AK23,M$3:M$98,"<"&P23,N$3:N$98,">"&O23)+COUNTIFS($AK$3:$AK$98,$AK23,O$3:O$98,"<"&P23,P$3:P$98,">"&O23)+COUNTIFS($AK$3:$AK$98,$AK23,Q$3:Q$98,"<"&P23,R$3:R$98,">"&O23)+COUNTIFS($AK$3:$AK$98,$AK23,S$3:S$98,"<"&P23,T$3:T$98,">"&O23)+COUNTIFS($AK$3:$AK$98,$AK23,U$3:U$98,"<"&P23,V$3:V$98,">"&O23)+COUNTIFS($AK$3:$AK$98,$AK23,W$3:W$98,"<"&P23,X$3:X$98,">"&O23)+COUNTIFS($AK$3:$AK$98,$AK23,Y$3:Y$98,"<"&P23,Z$3:Z$98,">"&O23)+COUNTIFS($AK$3:$AK$98,$AK23,AA$3:AA$98,"<"&P23,AB$3:AB$98,">"&O23)+COUNTIFS($AK$3:$AK$98,$AK23,AC$3:AC$98,"<"&P23,AD$3:AD$98,">"&O23)+COUNTIFS($AK$3:$AK$98,$AK23,AE$3:AE$98,"<"&P23,AF$3:AF$98,">"&O23)+COUNTIFS($AK$3:$AK$98,$AK23,AG$3:AG$98,"<"&P23,AH$3:AH$98,">"&O23)-(O23<P23)) -> 0 | AV23: =AU23 -> 0 | AW23: =IF(OR($AK23="",Q23="",R23=""),0,COUNTIFS($AK$3:$AK$98,$AK23,K$3:K$98,"<"&R23,L$3:L$98,">"&Q23)+COUNTIFS($AK$3:$AK$98,$AK23,M$3:M$98,"<"&R23,N$3:N$98,">"&Q23)+COUNTIFS($AK$3:$AK$98,$AK23,O$3:O$98,"<"&R23,P$3:P$98,">"&Q23)+COUNTIFS($AK$3:$AK$98,$AK23,Q$3:Q$98,"<"&R23,R$3:R$98,">"&Q23)+COUNTIFS($AK$3:$AK$98,$AK23,S$3:S$98,"<"&R23,T$3:T$98,">"&Q23)+COUNTIFS($AK$3:$AK$98,$AK23,U$3:U$98,"<"&R23,V$3:V$98,">"&Q23)+COUNTIFS($AK$3:$AK$98,$AK23,W$3:W$98,"<"&R23,X$3:X$98,">"&Q23)+COUNTIFS($AK$3:$AK$98,$AK23,Y$3:Y$98,"<"&R23,Z$3:Z$98,">"&Q23)+COUNTIFS($AK$3:$AK$98,$AK23,AA$3:AA$98,"<"&R23,AB$3:AB$98,">"&Q23)+COUNTIFS($AK$3:$AK$98,$AK23,AC$3:AC$98,"<"&R23,AD$3:AD$98,">"&Q23)+COUNTIFS($AK$3:$AK$98,$AK23,AE$3:AE$98,"<"&R23,AF$3:AF$98,">"&Q23)+COUNTIFS($AK$3:$AK$98,$AK23,AG$3:AG$98,"<"&R23,AH$3:AH$98,">"&Q23)-(Q23<R23)) -> 0 | AX23: =AW23 -> 0 | AY23: =IF(OR($AK23="",S23="",T23=""),0,COUNTIFS($AK$3:$AK$98,$AK23,K$3:K$98,"<"&T23,L$3:L$98,">"&S23)+COUNTIFS($AK$3:$AK$98,$AK23,M$3:M$98,"<"&T23,N$3:N$98,">"&S23)+COUNTIFS($AK$3:$AK$98,$AK23,O$3:O$98,"<"&T23,P$3:P$98,">"&S23)+COUNTIFS($AK$3:$AK$98,$AK23,Q$3:Q$98,"<"&T23,R$3:R$98,">"&S23)+COUNTIFS($AK$3:$AK$98,$AK23,S$3:S$98,"<"&T23,T$3:T$98,">"&S23)+COUNTIFS($AK$3:$AK$98,$AK23,U$3:U$98,"<"&T23,V$3:V$98,">"&S23)+COUNTIFS($AK$3:$AK$98,$AK23,W$3:W$98,"<"&T23,X$3:X$98,">"&S23)+COUNTIFS($AK$3:$AK$98,$AK23,Y$3:Y$98,"<"&T23,Z$3:Z$98,">"&S23)+COUNTIFS($AK$3:$AK$98,$AK23,AA$3:AA$98,"<"&T23,AB$3:AB$98,">"&S23)+COUNTIFS($AK$3:$AK$98,$AK23,AC$3:AC$98,"<"&T23,AD$3:AD$98,">"&S23)+COUNTIFS($AK$3:$AK$98,$AK23,AE$3:AE$98,"<"&T23,AF$3:AF$98,">"&S23)+COUNTIFS($AK$3:$AK$98,$AK23,AG$3:AG$98,"<"&T23,AH$3:AH$98,">"&S23)-(S23<T23)) -> 0 | AZ23: =AY23 -> 0 | BA23: =IF(OR($AK23="",U23="",V23=""),0,COUNTIFS($AK$3:$AK$98,$AK23,K$3:K$98,"<"&V23,L$3:L$98,">"&U23)+COUNTIFS($AK$3:$AK$98,$AK23,M$3:M$98,"<"&V23,N$3:N$98,">"&U23)+COUNTIFS($AK$3:$AK$98,$AK23,O$3:O$98,"<"&V23,P$3:P$98,">"&U23)+COUNTIFS($AK$3:$AK$98,$AK23,Q$3:Q$98,"<"&V23,R$3:R$98,">"&U23)+COUNTIFS($AK$3:$AK$98,$AK23,S$3:S$98,"<"&V23,T$3:T$98,">"&U23)+COUNTIFS($AK$3:$AK$98,$AK23,U$3:U$98,"<"&V23,V$3:V$98,">"&U23)+COUNTIFS($AK$3:$AK$98,$AK23,W$3:W$98,"<"&V23,X$3:X$98,">"&U23)+COUNTIFS($AK$3:$AK$98,$AK23,Y$3:Y$98,"<"&V23,Z$3:Z$98,">"&U23)+COUNTIFS($AK$3:$AK$98,$AK23,AA$3:AA$98,"<"&V23,AB$3:AB$98,">"&U23)+COUNTIFS($AK$3:$AK$98,$AK23,AC$3:AC$98,"<"&V23,AD$3:AD$98,">"&U23)+COUNTIFS($AK$3:$AK$98,$AK23,AE$3:AE$98,"<"&V23,AF$3:AF$98,">"&U23)+COUNTIFS($AK$3:$AK$98,$AK23,AG$3:AG$98,"<"&V23,AH$3:AH$98,">"&U23)-(U23<V23)) -> 0 | BB23: =BA23 -> 0 | BC23: =IF(OR($AK23="",W23="",X23=""),0,COUNTIFS($AK$3:$AK$98,$AK23,K$3:K$98,"<"&X23,L$3:L$98,">"&W23)+COUNTIFS($AK$3:$AK$98,$AK23,M$3:M$98,"<"&X23,N$3:N$98,">"&W23)+COUNTIFS($AK$3:$AK$98,$AK23,O$3:O$98,"<"&X23,P$3:P$98,">"&W23)+COUNTIFS($AK$3:$AK$98,$AK23,Q$3:Q$98,"<"&X23,R$3:R$98,">"&W23)+COUNTIFS($AK$3:$AK$98,$AK23,S$3:S$98,"<"&X23,T$3:T$98,">"&W23)+COUNTIFS($AK$3:$AK$98,$AK23,U$3:U$98,"<"&X23,V$3:V$98,">"&W23)+COUNTIFS($AK$3:$AK$98,$AK23,W$3:W$98,"<"&X23,X$3:X$98,">"&W23)+COUNTIFS($AK$3:$AK$98,$AK23,Y$3:Y$98,"<"&X23,Z$3:Z$98,">"&W23)+COUNTIFS($AK$3:$AK$98,$AK23,AA$3:AA$98,"<"&X23,AB$3:AB$98,">"&W23)+COUNTIFS($AK$3:$AK$98,$AK23,AC$3:AC$98,"<"&X23,AD$3:AD$98,">"&W23)+COUNTIFS($AK$3:$AK$98,$AK23,AE$3:AE$98,"<"&X23,AF$3:AF$98,">"&W23)+COUNTIFS($AK$3:$AK$98,$AK23,AG$3:AG$98,"<"&X23,AH$3:AH$98,">"&W23)-(W23<X23)) -> 0 | BD23: =BC23 -> 0 | BE23: =IF(OR($AK23="",Y23="",Z23=""),0,COUNTIFS($AK$3:$AK$98,$AK23,K$3:K$98,"<"&Z23,L$3:L$98,">"&Y23)+COUNTIFS($AK$3:$AK$98,$AK23,M$3:M$98,"<"&Z23,N$3:N$98,">"&Y23)+COUNTIFS($AK$3:$AK$98,$AK23,O$3:O$98,"<"&Z23,P$3:P$98,">"&Y23)+COUNTIFS($AK$3:$AK$98,$AK23,Q$3:Q$98,"<"&Z23,R$3:R$98,">"&Y23)+COUNTIFS($AK$3:$AK$98,$AK23,S$3:S$98,"<"&Z23,T$3:T$98,">"&Y23)+COUNTIFS($AK$3:$AK$98,$AK23,U$3:U$98,"<"&Z23,V$3:V$98,">"&Y23)+COUNTIFS($AK$3:$AK$98,$AK23,W$3:W$98,"<"&Z23,X$3:X$98,">"&Y23)+COUNTIFS($AK$3:$AK$98,$AK23,Y$3:Y$98,"<"&Z23,Z$3:Z$98,">"&Y23)+COUNTIFS($AK$3:$AK$98,$AK23,AA$3:AA$98,"<"&Z23,AB$3:AB$98,">"&Y23)+COUNTIFS($AK$3:$AK$98,$AK23,AC$3:AC$98,"<"&Z23,AD$3:AD$98,">"&Y23)+COUNTIFS($AK$3:$AK$98,$AK23,AE$3:AE$98,"<"&Z23,AF$3:AF$98,">"&Y23)+COUNTIFS($AK$3:$AK$98,$AK23,AG$3:AG$98,"<"&Z23,AH$3:AH$98,">"&Y23)-(Y23<Z23)) -> 0 | BF23: =BE23 -> 0 | BG23: =IF(OR($AK23="",AA23="",AB23=""),0,COUNTIFS($AK$3:$AK$98,$AK23,K$3:K$98,"<"&AB23,L$3:L$98,">"&AA23)+COUNTIFS($AK$3:$AK$98,$AK23,M$3:M$98,"<"&AB23,N$3:N$98,">"&AA23)+COUNTIFS($AK$3:$AK$98,$AK23,O$3:O$98,"<"&AB23,P$3:P$98,">"&AA23)+COUNTIFS($AK$3:$AK$98,$AK23,Q$3:Q$98,"<"&AB23,R$3:R$98,">"&AA23)+COUNTIFS($AK$3:$AK$98,$AK23,S$3:S$98,"<"&AB23,T$3:T$98,">"&AA23)+COUNTIFS($AK$3:$AK$98,$AK23,U$3:U$98,"<"&AB23,V$3:V$98,">"&AA23)+COUNTIFS($AK$3:$AK$98,$AK23,W$3:W$98,"<"&AB23,X$3:X$98,">"&AA23)+COUNTIFS($AK$3:$AK$98,$AK23,Y$3:Y$98,"<"&AB23,Z$3:Z$98,">"&AA23)+COUNTIFS($AK$3:$AK$98,$AK23,AA$3:AA$98,"<"&AB23,AB$3:AB$98,">"&AA23)+COUNTIFS($AK$3:$AK$98,$AK23,AC$3:AC$98,"<"&AB23,AD$3:AD$98,">"&AA23)+COUNTIFS($AK$3:$AK$98,$AK23,AE$3:AE$98,"<"&AB23,AF$3:AF$98,">"&AA23)+COUNTIFS($AK$3:$AK$98,$AK23,AG$3:AG$98,"<"&AB23,AH$3:AH$98,">"&AA23)-(AA23<AB23)) -> 0 | BH23: =BG23 -> 0 | BI23: =IF(OR($AK23="",AC23="",AD23=""),0,COUNTIFS($AK$3:$AK$98,$AK23,K$3:K$98,"<"&AD23,L$3:L$98,">"&AC23)+COUNTIFS($AK$3:$AK$98,$AK23,M$3:M$98,"<"&AD23,N$3:N$98,">"&AC23)+COUNTIFS($AK$3:$AK$98,$AK23,O$3:O$98,"<"&AD23,P$3:P$98,">"&AC23)+COUNTIFS($AK$3:$AK$98,$AK23,Q$3:Q$98,"<"&AD23,R$3:R$98,">"&AC23)+COUNTIFS($AK$3:$AK$98,$AK23,S$3:S$98,"<"&AD23,T$3:T$98,">"&AC23)+COUNTIFS($AK$3:$AK$98,$AK23,U$3:U$98,"<"&AD23,V$3:V$98,">"&AC23)+COUNTIFS($AK$3:$AK$98,$AK23,W$3:W$98,"<"&AD23,X$3:X$98,">"&AC23)+COUNTIFS($AK$3:$AK$98,$AK23,Y$3:Y$98,"<"&AD23,Z$3:Z$98,">"&AC23)+COUNTIFS($AK$3:$AK$98,$AK23,AA$3:AA$98,"<"&AD23,AB$3:AB$98,">"&AC23)+COUNTIFS($AK$3:$AK$98,$AK23,AC$3:AC$98,"<"&AD23,AD$3:AD$98,">"&AC23)+COUNTIFS($AK$3:$AK$98,$AK23,AE$3:AE$98,"<"&AD23,AF$3:AF$98,">"&AC23)+COUNTIFS($AK$3:$AK$98,$AK23,AG$3:AG$98,"<"&AD23,AH$3:AH$98,">"&AC23)-(AC23<AD23)) -> 0 | BJ23: =BI23 -> 0 | BK23: =IF(OR($AK23="",AE23="",AF23=""),0,COUNTIFS($AK$3:$AK$98,$AK23,K$3:K$98,"<"&AF23,L$3:L$98,">"&AE23)+COUNTIFS($AK$3:$AK$98,$AK23,M$3:M$98,"<"&AF23,N$3:N$98,">"&AE23)+COUNTIFS($AK$3:$AK$98,$AK23,O$3:O$98,"<"&AF23,P$3:P$98,">"&AE23)+COUNTIFS($AK$3:$AK$98,$AK23,Q$3:Q$98,"<"&AF23,R$3:R$98,">"&AE23)+COUNTIFS($AK$3:$AK$98,$AK23,S$3:S$98,"<"&AF23,T$3:T$98,">"&AE23)+COUNTIFS($AK$3:$AK$98,$AK23,U$3:U$98,"<"&AF23,V$3:V$98,">"&AE23)+COUNTIFS($AK$3:$AK$98,$AK23,W$3:W$98,"<"&AF23,X$3:X$98,">"&AE23)+COUNTIFS($AK$3:$AK$98,$AK23,Y$3:Y$98,"<"&AF23,Z$3:Z$98,">"&AE23)+COUNTIFS($AK$3:$AK$98,$AK23,AA$3:AA$98,"<"&AF23,AB$3:AB$98,">"&AE23)+COUNTIFS($AK$3:$AK$98,$AK23,AC$3:AC$98,"<"&AF23,AD$3:AD$98,">"&AE23)+COUNTIFS($AK$3:$AK$98,$AK23,AE$3:AE$98,"<"&AF23,AF$3:AF$98,">"&AE23)+COUNTIFS($AK$3:$AK$98,$AK23,AG$3:AG$98,"<"&AF23,AH$3:AH$98,">"&AE23)-(AE23<AF23)) -> 0 | BL23: =BK23 -> 0 | BM23: =IF(OR($AK23="",AG23="",AH23=""),0,COUNTIFS($AK$3:$AK$98,$AK23,K$3:K$98,"<"&AH23,L$3:L$98,">"&AG23)+COUNTIFS($AK$3:$AK$98,$AK23,M$3:M$98,"<"&AH23,N$3:N$98,">"&AG23)+COUNTIFS($AK$3:$AK$98,$AK23,O$3:O$98,"<"&AH23,P$3:P$98,">"&AG23)+COUNTIFS($AK$3:$AK$98,$AK23,Q$3:Q$98,"<"&AH23,R$3:R$98,">"&AG23)+COUNTIFS($AK$3:$AK$98,$AK23,S$3:S$98,"<"&AH23,T$3:T$98,">"&AG23)+COUNTIFS($AK$3:$AK$98,$AK23,U$3:U$98,"<"&AH23,V$3:V$98,">"&AG23)+COUNTIFS($AK$3:$AK$98,$AK23,W$3:W$98,"<"&AH23,X$3:X$98,">"&AG23)+COUNTIFS($AK$3:$AK$98,$AK23,Y$3:Y$98,"<"&AH23,Z$3:Z$98,">"&AG23)+COUNTIFS($AK$3:$AK$98,$AK23,AA$3:AA$98,"<"&AH23,AB$3:AB$98,">"&AG23)+COUNTIFS($AK$3:$AK$98,$AK23,AC$3:AC$98,"<"&AH23,AD$3:AD$98,">"&AG23)+COUNTIFS($AK$3:$AK$98,$AK23,AE$3:AE$98,"<"&AH23,AF$3:AF$98,">"&AG23)+COUNTIFS($AK$3:$AK$98,$AK23,AG$3:AG$98,"<"&AH23,AH$3:AH$98,">"&AG23)-(AG23<AH23)) -> 0 | BN23: =BM23 -> 0 | BO23: =IF(ISNUMBER($G23),$G23,"") -> 1 | BP23: =IF(AND($A23<>"",COUNT($K23:$AH23)>0),ROW(),"") -> 23
A24: CH02 | B24: =IF($A24="","",COUNTIFS($AK$3:$AK$98,$A24,$AL$3:$AL$98,"作業中")) -> 1 | D24: =IF($A24="","",SUMIFS($AM$3:$AM$98,$AK$3:$AK$98,$A24)) -> 82 | E24: =IF($A24="","",SUMIFS($AN$3:$AN$98,$AK$3:$AK$98,$A24)) -> 63 | F24: =IF($A24="","",SUMIFS($AO$3:$AO$98,$AK$3:$AK$98,$A24,$AL$3:$AL$98,"<>FIX")) -> 18 | G24: =IF($A24="","",IFERROR(AVERAGEIFS($BO$3:$BO$98,$AK$3:$AK$98,$A24,$AL$3:$AL$98,"FIX"),"")) -> 0.95714286 | H24: =IF($A24="","",IF(COUNTIFS($AK$3:$AK$98,$A24,$AL$3:$AL$98,"作業中")>0,IF(SUMIFS($AO$3:$AO$98,$AK$3:$AK$98,$A24,$AL$3:$AL$98,"作業中")<=0,"工数超過","作業中"),IF(COUNTIFS($AK$3:$AK$98,$A24,$AL$3:$AL$98,"中断")>0,"作業待ち",IF(COUNTIFS($AK$3:$AK$98,$A24,$AL$3:$AL$98,"未着手")>0,"着手待ち","空き")))) -> 作業中 | I24: =IF($A24="","",祝日!K4) -> 0 | AJ24: =IF($A24="","-",$A24) -> CH02 | BP24: =ROW() -> 24
B25: =IF($A25="","","total") | D25: =IF($A25="","",SUM(D26:D28)) | E25: =IF($A25="","",SUM(E26:E28)) | F25: =IF($A25="","",D25-E25) | G25: =IF($A25="","",IFERROR(AVERAGEIFS(G26:G28,H26:H28,"<>未着手",H26:H28,"<>作業中"),""))
