Workbook

Sheet スキルマップ
A1: スキルマップ
A2: 評価日 | B2: 黄色いセルに 1〜5 を入力(基準は「評価基準」シート)。対象外の項目は空欄。
A4: カテゴリ | B4: スキル項目 | C4: 目標 | D4: F | E4: HS | F4: H | G4: M | H4: K | I4: F差 | J4: HS差 | K4: H差 | L4: M差 | M4: K差 | N4: メモ
A5: モデリング | B5: 人体の形状把握(プロポーション・解剖) | C5: 3 | I5: =IF(D5="","",D5-C5) | J5: =IF(E5="","",E5-C5) | K5: =IF(F5="","",F5-C5) | L5: =IF(G5="","",G5-C5) | M5: =IF(H5="","",H5-C5)
A6: モデリング | B6: 頭部・顔のモデリング | C6: 3 | I6: =IF(D6="","",D6-C6) | J6: =IF(E6="","",E6-C6) | K6: =IF(F6="","",F6-C6) | L6: =IF(G6="","",G6-C6) | M6: =IF(H6="","",H6-C6)
A7: モデリング | B7: 衣装・小物のモデリング | C7: 3 | I7: =IF(D7="","",D7-C7) | J7: =IF(E7="","",E7-C7) | K7: =IF(F7="","",F7-C7) | L7: =IF(G7="","",G7-C7) | M7: =IF(H7="","",H7-C7)
A8: モデリング | B8: トポロジー・エッジフロー | C8: 3 | I8: =IF(D8="","",D8-C8) | J8: =IF(E8="","",E8-C8) | K8: =IF(F8="","",F8-C8) | L8: =IF(G8="","",G8-C8) | M8: =IF(H8="","",H8-C8)
A9: モデリング | B9: ポリゴン数・頂点数の管理 | C9: 3 | I9: =IF(D9="","",D9-C9) | J9: =IF(E9="","",E9-C9) | K9: =IF(F9="","",F9-C9) | L9: =IF(G9="","",G9-C9) | M9: =IF(H9="","",H9-C9)
A10: モデリング | B10: ハードサーフェス(装備・武器等) | C10: 3 | I10: =IF(D10="","",D10-C10) | J10: =IF(E10="","",E10-C10) | K10: =IF(F10="","",F10-C10) | L10: =IF(G10="","",G10-C10) | M10: =IF(H10="","",H10-C10)
A11: モデリング | B11: スカルプト(ZBrush等) | C11: 3 | I11: =IF(D11="","",D11-C11) | J11: =IF(E11="","",E11-C11) | K11: =IF(F11="","",F11-C11) | L11: =IF(G11="","",G11-C11) | M11: =IF(H11="","",H11-C11)
A12: UV・テクスチャ | B12: UV展開(歪み・継ぎ目の処理) | C12: 3 | I12: =IF(D12="","",D12-C12) | J12: =IF(E12="","",E12-C12) | K12: =IF(F12="","",F12-C12) | L12: =IF(G12="","",G12-C12) | M12: =IF(H12="","",H12-C12)
A13: UV・テクスチャ | B13: UVレイアウト・テクセル密度の統一 | C13: 3 | I13: =IF(D13="","",D13-C13) | J13: =IF(E13="","",E13-C13) | K13: =IF(F13="","",F13-C13) | L13: =IF(G13="","",G13-C13) | M13: =IF(H13="","",H13-C13)
A14: UV・テクスチャ | B14: テクスチャ作成(Substance/Photoshop) | C14: 3 | I14: =IF(D14="","",D14-C14) | J14: =IF(E14="","",E14-C14) | K14: =IF(F14="","",F14-C14) | L14: =IF(G14="","",G14-C14) | M14: =IF(H14="","",H14-C14)
A15: UV・テクスチャ | B15: マテリアル・シェーダー設定 | C15: 3 | I15: =IF(D15="","",D15-C15) | J15: =IF(E15="","",E15-C15) | K15: =IF(F15="","",F15-C15) | L15: =IF(G15="","",G15-C15) | M15: =IF(H15="","",H15-C15)
A16: リギング | B16: ジョイント配置 | C16: 3 | I16: =IF(D16="","",D16-C16) | J16: =IF(E16="","",E16-C16) | K16: =IF(F16="","",F16-C16) | L16: =IF(G16="","",G16-C16) | M16: =IF(H16="","",H16-C16)
... A37: コミュニケーション | B37: 自己学習・知識の共有 | C37: 3 | I37: =IF(D37="","",D37-C37) | J37: =IF(E37="","",E37-C37) | K37: =IF(F37="","",F37-C37) | L37: =IF(G37="","",G37-C37) | M37: =IF(H37="","",H37-C37)
A39: 目標=そのスキルに現時点で求めるレベル。差がマイナスなら目標に未到達。目標は項目ごとに変更可。

Sheet サマリー
A1: カテゴリ別平均
A3: カテゴリ | B3: 目標平均 | C3: F | D3: HS | E3: H | F3: M | G3: K
A4: モデリング | B4: =IFERROR(AVERAGEIFS(スキルマップ!$C$5:$C$37,スキルマップ!$A$5:$A$37,$A4),0) | C4: =IFERROR(AVERAGEIFS(スキルマップ!$D$5:$D$37,スキルマップ!$A$5:$A$37,$A4),0) | D4: =IFERROR(AVERAGEIFS(スキルマップ!$E$5:$E$37,スキルマップ!$A$5:$A$37,$A4),0) | E4: =IFERROR(AVERAGEIFS(スキルマップ!$F$5:$F$37,スキルマップ!$A$5:$A$37,$A4),0) | F4: =IFERROR(AVERAGEIFS(スキルマップ!$G$5:$G$37,スキルマップ!$A$5:$A$37,$A4),0) | G4: =IFERROR(AVERAGEIFS(スキルマップ!$H$5:$H$37,スキルマップ!$A$5:$A$37,$A4),0)
A5: UV・テクスチャ | B5: =IFERROR(AVERAGEIFS(スキルマップ!$C$5:$C$37,スキルマップ!$A$5:$A$37,$A5),0) | C5: =IFERROR(AVERAGEIFS(スキルマップ!$D$5:$D$37,スキルマップ!$A$5:$A$37,$A5),0) | D5: =IFERROR(AVERAGEIFS(スキルマップ!$E$5:$E$37,スキルマップ!$A$5:$A$37,$A5),0) | E5: =IFERROR(AVERAGEIFS(スキルマップ!$F$5:$F$37,スキルマップ!$A$5:$A$37,$A5),0) | F5: =IFERROR(AVERAGEIFS(スキルマップ!$G$5:$G$37,スキルマップ!$A$5:$A$37,$A5),0) | G5: =IFERROR(AVERAGEIFS(スキルマップ!$H$5:$H$37,スキルマップ!$A$5:$A$37,$A5),0)
A6: リギング | B6: =IFERROR(AVERAGEIFS(スキルマップ!$C$5:$C$37,スキルマップ!$A$5:$A$37,$A6),0) | C6: =IFERROR(AVERAGEIFS(スキルマップ!$D$5:$D$37,スキルマップ!$A$5:$A$37,$A6),0) | D6: =IFERROR(AVERAGEIFS(スキルマップ!$E$5:$E$37,スキルマップ!$A$5:$A$37,$A6),0) | E6: =IFERROR(AVERAGEIFS(スキルマップ!$F$5:$F$37,スキルマップ!$A$5:$A$37,$A6),0) | F6: =IFERROR(AVERAGEIFS(スキルマップ!$G$5:$G$37,スキルマップ!$A$5:$A$37,$A6),0) | G6: =IFERROR(AVERAGEIFS(スキルマップ!$H$5:$H$37,スキルマップ!$A$5:$A$37,$A6),0)
A7: ツール・環境 | B7: =IFERROR(AVERAGEIFS(スキルマップ!$C$5:$C$37,スキルマップ!$A$5:$A$37,$A7),0) | C7: =IFERROR(AVERAGEIFS(スキルマップ!$D$5:$D$37,スキルマップ!$A$5:$A$37,$A7),0) | D7: =IFERROR(AVERAGEIFS(スキルマップ!$E$5:$E$37,スキルマップ!$A$5:$A$37,$A7),0) | E7: =IFERROR(AVERAGEIFS(スキルマップ!$F$5:$F$37,スキルマップ!$A$5:$A$37,$A7),0) | F7: =IFERROR(AVERAGEIFS(スキルマップ!$G$5:$G$37,スキルマップ!$A$5:$A$37,$A7),0) | G7: =IFERROR(AVERAGEIFS(スキルマップ!$H$5:$H$37,スキルマップ!$A$5:$A$37,$A7),0)
A8: 業務遂行 | B8: =IFERROR(AVERAGEIFS(スキルマップ!$C$5:$C$37,スキルマップ!$A$5:$A$37,$A8),0) | C8: =IFERROR(AVERAGEIFS(スキルマップ!$D$5:$D$37,スキルマップ!$A$5:$A$37,$A8),0) | D8: =IFERROR(AVERAGEIFS(スキルマップ!$E$5:$E$37,スキルマップ!$A$5:$A$37,$A8),0) | E8: =IFERROR(AVERAGEIFS(スキルマップ!$F$5:$F$37,スキルマップ!$A$5:$A$37,$A8),0) | F8: =IFERROR(AVERAGEIFS(スキルマップ!$G$5:$G$37,スキルマップ!$A$5:$A$37,$A8),0) | G8: =IFERROR(AVERAGEIFS(スキルマップ!$H$5:$H$37,スキルマップ!$A$5:$A$37,$A8),0)
A9: コミュニケーション | B9: =IFERROR(AVERAGEIFS(スキルマップ!$C$5:$C$37,スキルマップ!$A$5:$A$37,$A9),0) | C9: =IFERROR(AVERAGEIFS(スキルマップ!$D$5:$D$37,スキルマップ!$A$5:$A$37,$A9),0) | D9: =IFERROR(AVERAGEIFS(スキルマップ!$E$5:$E$37,スキルマップ!$A$5:$A$37,$A9),0) | E9: =IFERROR(AVERAGEIFS(スキルマップ!$F$5:$F$37,スキルマップ!$A$5:$A$37,$A9),0) | F9: =IFERROR(AVERAGEIFS(スキルマップ!$G$5:$G$37,スキルマップ!$A$5:$A$37,$A9),0) | G9: =IFERROR(AVERAGEIFS(スキルマップ!$H$5:$H$37,スキルマップ!$A$5:$A$37,$A9),0)
A10: 全体平均 | B10: =IFERROR(AVERAGE(スキルマップ!$C$5:$C$37),0) | C10: =IFERROR(AVERAGE(スキルマップ!$D$5:$D$37),0) | D10: =IFERROR(AVERAGE(スキルマップ!$E$5:$E$37),0) | E10: =IFERROR(AVERAGE(スキルマップ!$F$5:$F$37),0) | F10: =IFERROR(AVERAGE(スキルマップ!$G$5:$G$37),0) | G10: =IFERROR(AVERAGE(スキルマップ!$H$5:$H$37),0)

Sheet 評価基準
A1: レベル | B1: 区分 | C1: 目安
A2: 1 | B2: 実務未経験、学習中 | C2: 手順や基礎を学んでいる段階。実務での経験はまだない。
A3: 2 | B3: リードの補助があればできる | C3: リードの指示・確認・サポートがあれば業務を進められる。
A4: 3 | B4: 1人で業務を遂行できる(一人前) | C4: 指示を受ければ、自分だけで一通りの業務を完遂できる。
A5: 4 | B5: 熟練している | C5: 高い品質と速さで安定してこなし、難しいケースにも対応できる。
A6: 5 | B6: 指導できる、専門、リードクラス | C6: 他者に教えられる。専門家としてチームを引っ張れる。
